Lattice Timing Report -  Setup  and Hold, Version Radiant Software (64-bit) 2026.1.0.37.0

Mon Sep 21 16:06:49 2026

Copyright (c) 1991-1994 by NeoCAD Inc. All rights reserved.
Copyright (c) 1995 AT&T Corp.   All rights reserved.
Copyright (c) 1995-2001 Lucent Technologies Inc.  All rights reserved.
Copyright (c) 2001 Agere Systems   All rights reserved.
Copyright (c) 2002-2026 Lattice Semiconductor Corporation,  All rights reserved.

Command line:    timing -sethld -v 10 -u 10 -endpoints 10 -nperend 1 -sp High-Performance_1.2V -hsp m -pwrprd -html -rpt e155_lab3_jl_impl_1.twr e155_lab3_jl_impl_1.udb -gui -msgset C:/Users/jesli/Documents/GitHub/e155-lab3/fpga/e155_lab3_jl/promote.xml

-----------------------------------------
Design:          lab3top_jl
Family:          iCE40UP
Device:          iCE40UP5K
Package:         SG48
Performance:     High-Performance_1.2V
Package Status:                     Preliminary    Version 1.5
**Performance Hardware Data Status :   Advanced Version 1.0
-----------------------------------------


=====================================================================
                    Table of Contents
=====================================================================
    1  Timing Overview
        1.1  SDC Constraints
        1.2  Constraint Coverage
        1.3  Overall Summary
        1.4  Unconstrained Report
        1.5  Combinational Loop
    2  Setup at Speed Grade High-Performance_1.2V Corner at 100 Degrees
        2.1  Clock Summary
        2.2  Endpoint slacks
        2.3  Detailed Report
    3  Hold at Speed Grade m Corner at -40 Degrees
        3.1  Endpoint slacks
        3.2  Detailed Report

=====================================================================
                    End of Table of Contents
=====================================================================

==============================================
1  Timing Overview
==============================================

1.1  SDC Constraints
=====================
create_clock -name {int_osc} -period 20.8333 [get_pins {hf_osc/CLKHF }] 

1.2  Constraint Coverage
---------------------------
Constraint Coverage: 83.1001%


1.3  Overall Summary
---------------------------
 Setup at Speed Grade High-Performance_1.2V Corner at 100 Degrees     Timing Errors: 0 endpoints;  Total Negative Slack: 0.000 ns 
 Hold at Speed Grade m Corner at -40 Degrees                          Timing Errors: 0 endpoints;  Total Negative Slack: 0.000 ns 

1.4  Unconstrained Report
===========================

1.4.1  Unconstrained Start/End Points
--------------------------------------

Clocked but unconstrained timing start points
-------------------------------------------------------------------
         Listing 4 Start Points         |           Type           
-------------------------------------------------------------------
main_fsm/d1_i0_i0/Q                     |          No required time
main_fsm/d1_i0_i1/Q                     |          No required time
main_fsm/d1_i0_i2/Q                     |          No required time
main_fsm/d1_i0_i3/Q                     |          No required time
-------------------------------------------------------------------
                                        |                          
Number of unconstrained timing start po |                          
ints                                    |                         4
                                        |                          
-------------------------------------------------------------------

Clocked but unconstrained timing end points
-------------------------------------------------------------------
         Listing 10 End Points          |           Type           
-------------------------------------------------------------------
{bouncer/state_FSM_i2/SR   bouncer/state_FSM_i1/SR}                           
                                        |           No arrival time
{main_fsm/state_FSM_i0/SR   main_fsm/state_FSM_i1/SR}                           
                                        |           No arrival time
{main_fsm/d0_i0_i3/SR   main_fsm/d0_i0_i2/SR}                           
                                        |           No arrival time
{main_fsm/d0_i0_i1/SR   main_fsm/d0_i0_i0/SR}                           
                                        |           No arrival time
{main_fsm/d1_i0_i0/SR   main_fsm/d1_i0_i1/SR}                           
                                        |           No arrival time
{main_fsm/d1_i0_i2/SR   main_fsm/d1_i0_i3/SR}                           
                                        |           No arrival time
{main_fsm/scanning/scanner_counter/count__i18/SR   main_fsm/scanning/scanner_counter/count__i19/SR}                           
                                        |           No arrival time
{main_fsm/scanning/scanner_counter/count__i17/SR   main_fsm/scanning/scanner_counter/count__i16/SR}                           
                                        |           No arrival time
{main_fsm/scanning/scanner_counter/count__i15/SR   main_fsm/scanning/scanner_counter/count__i14/SR}                           
                                        |           No arrival time
{main_fsm/scanning/scanner_counter/count__i13/SR   main_fsm/scanning/scanner_counter/count__i12/SR}                           
                                        |           No arrival time
-------------------------------------------------------------------
                                        |                          
Number of unconstrained timing end poin |                          
ts                                      |                        52
                                        |                          
-------------------------------------------------------------------

1.4.2  Start/End Points Without Timing Constraints
---------------------------------------------------

I/O ports without constraint
----------------------------
Possible constraints to use on I/O ports are:
set_input_delay,
set_output_delay,
set_max_delay,
create_clock,
create_generated_clock,
...

-------------------------------------------------------------------
     Listing 10 Start or End Points     |           Type           
-------------------------------------------------------------------
col_raw[3]                              |                     input
col_raw[2]                              |                     input
col_raw[1]                              |                     input
col_raw[0]                              |                     input
nreset                                  |                     input
enable                                  |                     input
pwr[1]                                  |                    output
pwr[0]                                  |                    output
seg[6]                                  |                    output
seg[5]                                  |                    output
-------------------------------------------------------------------
                                        |                          
Number of I/O ports without constraint  |                        18
                                        |                          
-------------------------------------------------------------------

Nets without clock definition
Define a clock on a top level port or a generated clock on a clock divider pin associated with this net(s).
--------------------------------------------------
There is no instance satisfying reporting criteria



1.5  Combinational Loop
========================
None

===============================================================
2  Setup at Speed Grade High-Performance_1.2V Corner at 100 Degrees
===============================================================

2.1  Clock Summary
=======================

2.1.1 Clock "int_osc"
=======================
create_clock -name {int_osc} -period 20.8333 [get_pins {hf_osc/CLKHF }] 

Single Clock Domain
-------------------------------------------------------------------------------------------------------
             Clock int_osc              |                    |       Period       |     Frequency      
-------------------------------------------------------------------------------------------------------
 From int_osc                           |             Target |          20.833 ns |         48.000 MHz 
                                        | Actual (all paths) |          20.792 ns |         48.095 MHz 
hf_osc/CLKHF (MPW)                      |   (50% duty cycle) |          20.792 ns |         48.095 MHz 
-------------------------------------------------------------------------------------------------------

Clock Domain Crossing

2.2  Endpoint slacks
=======================
-------------------------------------------------------
          Listing 10 End Points          |    Slack    
-------------------------------------------------------
main_fsm/d0_i0_i1/D                      |    3.452 ns 
segment_counter/count__i27/D             |    3.914 ns 
segment_counter/count__i26/D             |    4.191 ns 
segment_counter/count__i25/D             |    4.468 ns 
segment_counter/count__i24/D             |    4.745 ns 
segment_counter/count__i23/D             |    4.758 ns 
segment_counter/count__i22/D             |    5.259 ns 
segment_counter/count__i21/D             |    5.272 ns 
main_fsm/d0_i0_i2/D                      |    5.302 ns 
segment_counter/count__i19/D             |    5.826 ns 
-------------------------------------------------------
                                         |             
Setup # of endpoints with negative slack:|           0 
                                         |             
-------------------------------------------------------

2.3  Detailed Report
=======================


XXXXXXXXXXXXXXXXXXXXXXXXXXXXXXXXXXXXXXXXXXXXXXXXXXXXXXXXXX

Detail report of critical paths

XXXXXXXXXXXXXXXXXXXXXXXXXXXXXXXXXXXXXXXXXXXXXXXXXXXXXXXXXX

+++++++++++++++++++++++++++++++++++++++++++++++++++++++++++++++++++++ 
                    Detailed Report for timing paths 
+++++++++++++++++++++++++++++++++++++++++++++++++++++++++++++++++++++ 

++++ Path 1 ++++++++++++++++++++++++++++++++++++++++++++++++++++++++++ 

Path Begin       : main_fsm/press_logic/map__i4/Q  (SLICE_R19C7D)
Path End         : main_fsm/d0_i0_i1/D  (SLICE_R18C8D)
Source Clock     : int_osc (R)
Destination Clock: int_osc (R)
Logic Level      : 7
Delay Ratio      : 75.9% (route), 24.1% (logic)
Clock Skew       : 0.000 ns 
Setup Constraint : 20.833 ns 
Path Slack       : 3.452 ns  (Passed)


Source Clock Path
Name                                      Cell/Site Name     Delay Name       Incr      Arrival/Required Time  Fanout  
----------------------------------------  -----------------  ---------------  --------  ---------------------  ------  
hf_osc/CLKHF                              HFOSC_HFOSC_R1C32  CLOCK LATENCY       0.000                  0.000  61      
row_synchronizer/int_osc                                     NET DELAY           5.499                  5.499  61      
{main_fsm/press_logic/map__i5/CK   main_fsm/press_logic/map__i4/CK}
                                                             CLOCK PIN           0.000                  5.499  1       


Data Path
Name                                      Cell/Site Name     Delay Name       Incr      Arrival/Required Time  Fanout  
----------------------------------------  -----------------  ---------------  --------  ---------------------  ------  
main_fsm/press_logic/map__i4/CK->main_fsm/press_logic/map__i4/Q
                                          SLICE_R19C7D       CLK_TO_Q1_DELAY     1.388                  6.887  10      
main_fsm/press_logic/map[4]                                  NET DELAY           2.617                  9.504  10      
main_fsm/press_logic/equal_38_i22_3_lut_4_lut/A->main_fsm/press_logic/equal_38_i22_3_lut_4_lut/Z
                                          SLICE_R18C8C       C0_TO_F0_DELAY      0.449                  9.953  6       
main_fsm/press_logic/n22                                     NET DELAY           3.027                 12.980  6       
main_fsm/press_logic/i1_2_lut_3_lut_4_lut_adj_11/D->main_fsm/press_logic/i1_2_lut_3_lut_4_lut_adj_11/Z
                                          SLICE_R18C10D      C0_TO_F0_DELAY      0.476                 13.456  2       
main_fsm/press_logic/n931                                    NET DELAY           0.304                 13.760  2       
main_fsm/press_logic/i2_3_lut/B->main_fsm/press_logic/i2_3_lut/Z
                                          SLICE_R18C10D      C1_TO_F1_DELAY      0.449                 14.209  2       
main_fsm/press_logic/n933                                    NET DELAY           2.763                 16.972  2       
main_fsm/press_logic/i1862_4_lut/B->main_fsm/press_logic/i1862_4_lut/Z
                                          SLICE_R19C8D       D1_TO_F1_DELAY      0.449                 17.421  1       
main_fsm/press_logic/n2325                                   NET DELAY           2.168                 19.589  1       
main_fsm/press_logic/i4_4_lut/A->main_fsm/press_logic/i4_4_lut/Z
                                          SLICE_R19C9B       D1_TO_F1_DELAY      0.449                 20.038  1       
main_fsm/press_logic/n10                                     NET DELAY           2.168                 22.206  1       
main_fsm/press_logic/i5_4_lut/B->main_fsm/press_logic/i5_4_lut/Z
                                          SLICE_R18C8D       D0_TO_F0_DELAY      0.476                 22.682  1       
main_fsm/press_logic/key_next[1]                             NET DELAY           0.000                 22.682  1       
main_fsm/d0_i0_i1/D                                          ENDPOINT            0.000                 22.682  1       


Destination Clock Path
Name                                      Cell/Site Name     Delay Name       Incr      Arrival/Required Time  Fanout  
----------------------------------------  -----------------  ---------------  --------  ---------------------  ------  
                                                             CONSTRAINT          0.000                 20.833  1       
hf_osc/CLKHF                              HFOSC_HFOSC_R1C32  CLOCK LATENCY       0.000                 20.833  61      
row_synchronizer/int_osc                                     NET DELAY           5.499                 26.332  61      
{main_fsm/d0_i0_i1/CK   main_fsm/d0_i0_i0/CK}
                                                             CLOCK PIN           0.000                 26.332  1       
                                                             Uncertainty      -(0.000)                 26.332  
                                                             Setup time       -(0.198)                 26.134  
----------------------------------------  -----------------  ---------------  --------  ---------------------  ------  
Required Time                                                                                          26.134  
Arrival Time                                                                                        -(22.681)  
----------------------------------------  -----------------  ---------------  --------  ---------------------  ------  
Path Slack  (Passed)                                                                                    3.452  




++++ Path 2 ++++++++++++++++++++++++++++++++++++++++++++++++++++++++++ 

Path Begin       : segment_counter/count__i3/Q  (SLICE_R16C7A)
Path End         : segment_counter/count__i27/D  (SLICE_R15C10A)
Source Clock     : int_osc (R)
Destination Clock: int_osc (R)
Logic Level      : 27
Delay Ratio      : 45.9% (route), 54.1% (logic)
Clock Skew       : 0.000 ns 
Setup Constraint : 20.833 ns 
Path Slack       : 3.914 ns  (Passed)


Source Clock Path
Name                                      Cell/Site Name     Delay Name           Incr      Arrival/Required Time  Fanout  
----------------------------------------  -----------------  -------------------  --------  ---------------------  ------  
hf_osc/CLKHF                              HFOSC_HFOSC_R1C32  CLOCK LATENCY           0.000                  0.000  61      
row_synchronizer/int_osc                                     NET DELAY               5.499                  5.499  61      
{segment_counter/count__i3/CK   segment_counter/count__i2/CK}
                                                             CLOCK PIN               0.000                  5.499  1       


Data Path
Name                                      Cell/Site Name     Delay Name           Incr      Arrival/Required Time  Fanout  
----------------------------------------  -----------------  -------------------  --------  ---------------------  ------  
segment_counter/count__i3/CK->segment_counter/count__i3/Q
                                          SLICE_R16C7A       CLK_TO_Q0_DELAY         1.388                  6.887  2       
segment_counter/seg_count[3]                                 NET DELAY               3.186                 10.073  2       
segment_counter/add_6_add_5_5/B0->segment_counter/add_6_add_5_5/CO0
                                          SLICE_R14C7C       B0_TO_COUT0_DELAY       0.357                 10.430  2       
segment_counter/n3163                                        NET DELAY               0.000                 10.430  2       
segment_counter/add_6_add_5_5/CI1->segment_counter/add_6_add_5_5/CO1
                                          SLICE_R14C7C       CIN1_TO_COUT1_DELAY     0.277                 10.707  2       
segment_counter/n1775                                        NET DELAY               0.000                 10.707  2       
segment_counter/add_6_add_5_7/CI0->segment_counter/add_6_add_5_7/CO0
                                          SLICE_R14C7D       CIN0_TO_COUT0_DELAY     0.277                 10.984  2       
segment_counter/n3166                                        NET DELAY               0.000                 10.984  2       
segment_counter/add_6_add_5_7/CI1->segment_counter/add_6_add_5_7/CO1
                                          SLICE_R14C7D       CIN1_TO_COUT1_DELAY     0.277                 11.261  2       
segment_counter/n1777                                        NET DELAY               0.555                 11.816  2       
segment_counter/add_6_add_5_9/CI0->segment_counter/add_6_add_5_9/CO0
                                          SLICE_R14C8A       CIN0_TO_COUT0_DELAY     0.277                 12.093  2       
segment_counter/n3169                                        NET DELAY               0.000                 12.093  2       
segment_counter/add_6_add_5_9/CI1->segment_counter/add_6_add_5_9/CO1
                                          SLICE_R14C8A       CIN1_TO_COUT1_DELAY     0.277                 12.370  2       
segment_counter/n1779                                        NET DELAY               0.000                 12.370  2       
segment_counter/add_6_add_5_11/CI0->segment_counter/add_6_add_5_11/CO0
                                          SLICE_R14C8B       CIN0_TO_COUT0_DELAY     0.277                 12.647  2       
segment_counter/n3172                                        NET DELAY               0.000                 12.647  2       
segment_counter/add_6_add_5_11/CI1->segment_counter/add_6_add_5_11/CO1
                                          SLICE_R14C8B       CIN1_TO_COUT1_DELAY     0.277                 12.924  2       
segment_counter/n1781                                        NET DELAY               0.000                 12.924  2       
segment_counter/add_6_add_5_13/CI0->segment_counter/add_6_add_5_13/CO0
                                          SLICE_R14C8C       CIN0_TO_COUT0_DELAY     0.277                 13.201  2       
segment_counter/n3175                                        NET DELAY               0.000                 13.201  2       
segment_counter/add_6_add_5_13/CI1->segment_counter/add_6_add_5_13/CO1
                                          SLICE_R14C8C       CIN1_TO_COUT1_DELAY     0.277                 13.478  2       
segment_counter/n1783                                        NET DELAY               0.000                 13.478  2       
segment_counter/add_6_add_5_15/CI0->segment_counter/add_6_add_5_15/CO0
                                          SLICE_R14C8D       CIN0_TO_COUT0_DELAY     0.277                 13.755  2       
segment_counter/n3178                                        NET DELAY               0.000                 13.755  2       
segment_counter/add_6_add_5_15/CI1->segment_counter/add_6_add_5_15/CO1
                                          SLICE_R14C8D       CIN1_TO_COUT1_DELAY     0.277                 14.032  2       
segment_counter/n1785                                        NET DELAY               0.555                 14.587  2       
segment_counter/add_6_add_5_17/CI0->segment_counter/add_6_add_5_17/CO0
                                          SLICE_R14C9A       CIN0_TO_COUT0_DELAY     0.277                 14.864  2       
segment_counter/n3181                                        NET DELAY               0.000                 14.864  2       
segment_counter/add_6_add_5_17/CI1->segment_counter/add_6_add_5_17/CO1
                                          SLICE_R14C9A       CIN1_TO_COUT1_DELAY     0.277                 15.141  2       
segment_counter/n1787                                        NET DELAY               0.000                 15.141  2       
segment_counter/add_6_add_5_19/CI0->segment_counter/add_6_add_5_19/CO0
                                          SLICE_R14C9B       CIN0_TO_COUT0_DELAY     0.277                 15.418  2       
segment_counter/n3184                                        NET DELAY               0.000                 15.418  2       
segment_counter/add_6_add_5_19/CI1->segment_counter/add_6_add_5_19/CO1
                                          SLICE_R14C9B       CIN1_TO_COUT1_DELAY     0.277                 15.695  2       
segment_counter/n1789                                        NET DELAY               0.000                 15.695  2       
segment_counter/add_6_add_5_21/CI0->segment_counter/add_6_add_5_21/CO0
                                          SLICE_R14C9C       CIN0_TO_COUT0_DELAY     0.277                 15.972  2       
segment_counter/n3187                                        NET DELAY               0.000                 15.972  2       
segment_counter/add_6_add_5_21/CI1->segment_counter/add_6_add_5_21/CO1
                                          SLICE_R14C9C       CIN1_TO_COUT1_DELAY     0.277                 16.249  2       
segment_counter/n1791                                        NET DELAY               0.000                 16.249  2       
segment_counter/add_6_add_5_23/CI0->segment_counter/add_6_add_5_23/CO0
                                          SLICE_R14C9D       CIN0_TO_COUT0_DELAY     0.277                 16.526  2       
segment_counter/n3190                                        NET DELAY               0.000                 16.526  2       
segment_counter/add_6_add_5_23/CI1->segment_counter/add_6_add_5_23/CO1
                                          SLICE_R14C9D       CIN1_TO_COUT1_DELAY     0.277                 16.803  2       
segment_counter/n1793                                        NET DELAY               0.555                 17.358  2       
segment_counter/add_6_add_5_25/CI0->segment_counter/add_6_add_5_25/CO0
                                          SLICE_R14C10A      CIN0_TO_COUT0_DELAY     0.277                 17.635  2       
segment_counter/n3193                                        NET DELAY               0.000                 17.635  2       
segment_counter/add_6_add_5_25/CI1->segment_counter/add_6_add_5_25/CO1
                                          SLICE_R14C10A      CIN1_TO_COUT1_DELAY     0.277                 17.912  2       
segment_counter/n1795                                        NET DELAY               0.000                 17.912  2       
segment_counter/add_6_add_5_27/CI0->segment_counter/add_6_add_5_27/CO0
                                          SLICE_R14C10B      CIN0_TO_COUT0_DELAY     0.277                 18.189  2       
segment_counter/n3196                                        NET DELAY               0.000                 18.189  2       
segment_counter/add_6_add_5_27/CI1->segment_counter/add_6_add_5_27/CO1
                                          SLICE_R14C10B      CIN1_TO_COUT1_DELAY     0.277                 18.466  2       
segment_counter/n1797                                        NET DELAY               0.661                 19.127  2       
segment_counter/add_6_add_5_29/D0->segment_counter/add_6_add_5_29/S0
                                          SLICE_R14C10C      D0_TO_F0_DELAY          0.449                 19.576  1       
segment_counter/n147[27]                                     NET DELAY               2.168                 21.744  1       
segment_counter/i1026_2_lut/A->segment_counter/i1026_2_lut/Z
                                          SLICE_R15C10A      D1_TO_F1_DELAY          0.476                 22.220  1       
segment_counter/n35[27]                                      NET DELAY               0.000                 22.220  1       
segment_counter/count__i27/D                                 ENDPOINT                0.000                 22.220  1       


Destination Clock Path
Name                                      Cell/Site Name     Delay Name           Incr      Arrival/Required Time  Fanout  
----------------------------------------  -----------------  -------------------  --------  ---------------------  ------  
                                                             CONSTRAINT              0.000                 20.833  1       
hf_osc/CLKHF                              HFOSC_HFOSC_R1C32  CLOCK LATENCY           0.000                 20.833  61      
row_synchronizer/int_osc                                     NET DELAY               5.499                 26.332  61      
segment_counter/count__i27/CK                                CLOCK PIN               0.000                 26.332  1       
                                                             Uncertainty          -(0.000)                 26.332  
                                                             Setup time           -(0.198)                 26.134  
----------------------------------------  -----------------  -------------------  --------  ---------------------  ------  
Required Time                                                                                              26.134  
Arrival Time                                                                                            -(22.219)  
----------------------------------------  -----------------  -------------------  --------  ---------------------  ------  
Path Slack  (Passed)                                                                                        3.914  




++++ Path 3 ++++++++++++++++++++++++++++++++++++++++++++++++++++++++++ 

Path Begin       : segment_counter/count__i3/Q  (SLICE_R16C7A)
Path End         : segment_counter/count__i26/D  (SLICE_R15C10C)
Source Clock     : int_osc (R)
Destination Clock: int_osc (R)
Logic Level      : 26
Delay Ratio      : 46.7% (route), 53.3% (logic)
Clock Skew       : 0.000 ns 
Setup Constraint : 20.833 ns 
Path Slack       : 4.191 ns  (Passed)


Source Clock Path
Name                                      Cell/Site Name     Delay Name           Incr      Arrival/Required Time  Fanout  
----------------------------------------  -----------------  -------------------  --------  ---------------------  ------  
hf_osc/CLKHF                              HFOSC_HFOSC_R1C32  CLOCK LATENCY           0.000                  0.000  61      
row_synchronizer/int_osc                                     NET DELAY               5.499                  5.499  61      
{segment_counter/count__i3/CK   segment_counter/count__i2/CK}
                                                             CLOCK PIN               0.000                  5.499  1       


Data Path
Name                                      Cell/Site Name     Delay Name           Incr      Arrival/Required Time  Fanout  
----------------------------------------  -----------------  -------------------  --------  ---------------------  ------  
segment_counter/count__i3/CK->segment_counter/count__i3/Q
                                          SLICE_R16C7A       CLK_TO_Q0_DELAY         1.388                  6.887  2       
segment_counter/seg_count[3]                                 NET DELAY               3.186                 10.073  2       
segment_counter/add_6_add_5_5/B0->segment_counter/add_6_add_5_5/CO0
                                          SLICE_R14C7C       B0_TO_COUT0_DELAY       0.357                 10.430  2       
segment_counter/n3163                                        NET DELAY               0.000                 10.430  2       
segment_counter/add_6_add_5_5/CI1->segment_counter/add_6_add_5_5/CO1
                                          SLICE_R14C7C       CIN1_TO_COUT1_DELAY     0.277                 10.707  2       
segment_counter/n1775                                        NET DELAY               0.000                 10.707  2       
segment_counter/add_6_add_5_7/CI0->segment_counter/add_6_add_5_7/CO0
                                          SLICE_R14C7D       CIN0_TO_COUT0_DELAY     0.277                 10.984  2       
segment_counter/n3166                                        NET DELAY               0.000                 10.984  2       
segment_counter/add_6_add_5_7/CI1->segment_counter/add_6_add_5_7/CO1
                                          SLICE_R14C7D       CIN1_TO_COUT1_DELAY     0.277                 11.261  2       
segment_counter/n1777                                        NET DELAY               0.555                 11.816  2       
segment_counter/add_6_add_5_9/CI0->segment_counter/add_6_add_5_9/CO0
                                          SLICE_R14C8A       CIN0_TO_COUT0_DELAY     0.277                 12.093  2       
segment_counter/n3169                                        NET DELAY               0.000                 12.093  2       
segment_counter/add_6_add_5_9/CI1->segment_counter/add_6_add_5_9/CO1
                                          SLICE_R14C8A       CIN1_TO_COUT1_DELAY     0.277                 12.370  2       
segment_counter/n1779                                        NET DELAY               0.000                 12.370  2       
segment_counter/add_6_add_5_11/CI0->segment_counter/add_6_add_5_11/CO0
                                          SLICE_R14C8B       CIN0_TO_COUT0_DELAY     0.277                 12.647  2       
segment_counter/n3172                                        NET DELAY               0.000                 12.647  2       
segment_counter/add_6_add_5_11/CI1->segment_counter/add_6_add_5_11/CO1
                                          SLICE_R14C8B       CIN1_TO_COUT1_DELAY     0.277                 12.924  2       
segment_counter/n1781                                        NET DELAY               0.000                 12.924  2       
segment_counter/add_6_add_5_13/CI0->segment_counter/add_6_add_5_13/CO0
                                          SLICE_R14C8C       CIN0_TO_COUT0_DELAY     0.277                 13.201  2       
segment_counter/n3175                                        NET DELAY               0.000                 13.201  2       
segment_counter/add_6_add_5_13/CI1->segment_counter/add_6_add_5_13/CO1
                                          SLICE_R14C8C       CIN1_TO_COUT1_DELAY     0.277                 13.478  2       
segment_counter/n1783                                        NET DELAY               0.000                 13.478  2       
segment_counter/add_6_add_5_15/CI0->segment_counter/add_6_add_5_15/CO0
                                          SLICE_R14C8D       CIN0_TO_COUT0_DELAY     0.277                 13.755  2       
segment_counter/n3178                                        NET DELAY               0.000                 13.755  2       
segment_counter/add_6_add_5_15/CI1->segment_counter/add_6_add_5_15/CO1
                                          SLICE_R14C8D       CIN1_TO_COUT1_DELAY     0.277                 14.032  2       
segment_counter/n1785                                        NET DELAY               0.555                 14.587  2       
segment_counter/add_6_add_5_17/CI0->segment_counter/add_6_add_5_17/CO0
                                          SLICE_R14C9A       CIN0_TO_COUT0_DELAY     0.277                 14.864  2       
segment_counter/n3181                                        NET DELAY               0.000                 14.864  2       
segment_counter/add_6_add_5_17/CI1->segment_counter/add_6_add_5_17/CO1
                                          SLICE_R14C9A       CIN1_TO_COUT1_DELAY     0.277                 15.141  2       
segment_counter/n1787                                        NET DELAY               0.000                 15.141  2       
segment_counter/add_6_add_5_19/CI0->segment_counter/add_6_add_5_19/CO0
                                          SLICE_R14C9B       CIN0_TO_COUT0_DELAY     0.277                 15.418  2       
segment_counter/n3184                                        NET DELAY               0.000                 15.418  2       
segment_counter/add_6_add_5_19/CI1->segment_counter/add_6_add_5_19/CO1
                                          SLICE_R14C9B       CIN1_TO_COUT1_DELAY     0.277                 15.695  2       
segment_counter/n1789                                        NET DELAY               0.000                 15.695  2       
segment_counter/add_6_add_5_21/CI0->segment_counter/add_6_add_5_21/CO0
                                          SLICE_R14C9C       CIN0_TO_COUT0_DELAY     0.277                 15.972  2       
segment_counter/n3187                                        NET DELAY               0.000                 15.972  2       
segment_counter/add_6_add_5_21/CI1->segment_counter/add_6_add_5_21/CO1
                                          SLICE_R14C9C       CIN1_TO_COUT1_DELAY     0.277                 16.249  2       
segment_counter/n1791                                        NET DELAY               0.000                 16.249  2       
segment_counter/add_6_add_5_23/CI0->segment_counter/add_6_add_5_23/CO0
                                          SLICE_R14C9D       CIN0_TO_COUT0_DELAY     0.277                 16.526  2       
segment_counter/n3190                                        NET DELAY               0.000                 16.526  2       
segment_counter/add_6_add_5_23/CI1->segment_counter/add_6_add_5_23/CO1
                                          SLICE_R14C9D       CIN1_TO_COUT1_DELAY     0.277                 16.803  2       
segment_counter/n1793                                        NET DELAY               0.555                 17.358  2       
segment_counter/add_6_add_5_25/CI0->segment_counter/add_6_add_5_25/CO0
                                          SLICE_R14C10A      CIN0_TO_COUT0_DELAY     0.277                 17.635  2       
segment_counter/n3193                                        NET DELAY               0.000                 17.635  2       
segment_counter/add_6_add_5_25/CI1->segment_counter/add_6_add_5_25/CO1
                                          SLICE_R14C10A      CIN1_TO_COUT1_DELAY     0.277                 17.912  2       
segment_counter/n1795                                        NET DELAY               0.000                 17.912  2       
segment_counter/add_6_add_5_27/CI0->segment_counter/add_6_add_5_27/CO0
                                          SLICE_R14C10B      CIN0_TO_COUT0_DELAY     0.277                 18.189  2       
segment_counter/n3196                                        NET DELAY               0.661                 18.850  2       
segment_counter/add_6_add_5_27/D1->segment_counter/add_6_add_5_27/S1
                                          SLICE_R14C10B      D1_TO_F1_DELAY          0.449                 19.299  1       
segment_counter/n147[26]                                     NET DELAY               2.168                 21.467  1       
segment_counter/i1027_2_lut/A->segment_counter/i1027_2_lut/Z
                                          SLICE_R15C10C      D0_TO_F0_DELAY          0.476                 21.943  1       
segment_counter/n35[26]                                      NET DELAY               0.000                 21.943  1       
segment_counter/count__i26/D                                 ENDPOINT                0.000                 21.943  1       


Destination Clock Path
Name                                      Cell/Site Name     Delay Name           Incr      Arrival/Required Time  Fanout  
----------------------------------------  -----------------  -------------------  --------  ---------------------  ------  
                                                             CONSTRAINT              0.000                 20.833  1       
hf_osc/CLKHF                              HFOSC_HFOSC_R1C32  CLOCK LATENCY           0.000                 20.833  61      
row_synchronizer/int_osc                                     NET DELAY               5.499                 26.332  61      
{segment_counter/count__i26/CK   segment_counter/count__i25/CK}
                                                             CLOCK PIN               0.000                 26.332  1       
                                                             Uncertainty          -(0.000)                 26.332  
                                                             Setup time           -(0.198)                 26.134  
----------------------------------------  -----------------  -------------------  --------  ---------------------  ------  
Required Time                                                                                              26.134  
Arrival Time                                                                                            -(21.942)  
----------------------------------------  -----------------  -------------------  --------  ---------------------  ------  
Path Slack  (Passed)                                                                                        4.191  




++++ Path 4 ++++++++++++++++++++++++++++++++++++++++++++++++++++++++++ 

Path Begin       : segment_counter/count__i3/Q  (SLICE_R16C7A)
Path End         : segment_counter/count__i25/D  (SLICE_R15C10C)
Source Clock     : int_osc (R)
Destination Clock: int_osc (R)
Logic Level      : 25
Delay Ratio      : 47.5% (route), 52.5% (logic)
Clock Skew       : 0.000 ns 
Setup Constraint : 20.833 ns 
Path Slack       : 4.468 ns  (Passed)


Source Clock Path
Name                                      Cell/Site Name     Delay Name           Incr      Arrival/Required Time  Fanout  
----------------------------------------  -----------------  -------------------  --------  ---------------------  ------  
hf_osc/CLKHF                              HFOSC_HFOSC_R1C32  CLOCK LATENCY           0.000                  0.000  61      
row_synchronizer/int_osc                                     NET DELAY               5.499                  5.499  61      
{segment_counter/count__i3/CK   segment_counter/count__i2/CK}
                                                             CLOCK PIN               0.000                  5.499  1       


Data Path
Name                                      Cell/Site Name     Delay Name           Incr      Arrival/Required Time  Fanout  
----------------------------------------  -----------------  -------------------  --------  ---------------------  ------  
segment_counter/count__i3/CK->segment_counter/count__i3/Q
                                          SLICE_R16C7A       CLK_TO_Q0_DELAY         1.388                  6.887  2       
segment_counter/seg_count[3]                                 NET DELAY               3.186                 10.073  2       
segment_counter/add_6_add_5_5/B0->segment_counter/add_6_add_5_5/CO0
                                          SLICE_R14C7C       B0_TO_COUT0_DELAY       0.357                 10.430  2       
segment_counter/n3163                                        NET DELAY               0.000                 10.430  2       
segment_counter/add_6_add_5_5/CI1->segment_counter/add_6_add_5_5/CO1
                                          SLICE_R14C7C       CIN1_TO_COUT1_DELAY     0.277                 10.707  2       
segment_counter/n1775                                        NET DELAY               0.000                 10.707  2       
segment_counter/add_6_add_5_7/CI0->segment_counter/add_6_add_5_7/CO0
                                          SLICE_R14C7D       CIN0_TO_COUT0_DELAY     0.277                 10.984  2       
segment_counter/n3166                                        NET DELAY               0.000                 10.984  2       
segment_counter/add_6_add_5_7/CI1->segment_counter/add_6_add_5_7/CO1
                                          SLICE_R14C7D       CIN1_TO_COUT1_DELAY     0.277                 11.261  2       
segment_counter/n1777                                        NET DELAY               0.555                 11.816  2       
segment_counter/add_6_add_5_9/CI0->segment_counter/add_6_add_5_9/CO0
                                          SLICE_R14C8A       CIN0_TO_COUT0_DELAY     0.277                 12.093  2       
segment_counter/n3169                                        NET DELAY               0.000                 12.093  2       
segment_counter/add_6_add_5_9/CI1->segment_counter/add_6_add_5_9/CO1
                                          SLICE_R14C8A       CIN1_TO_COUT1_DELAY     0.277                 12.370  2       
segment_counter/n1779                                        NET DELAY               0.000                 12.370  2       
segment_counter/add_6_add_5_11/CI0->segment_counter/add_6_add_5_11/CO0
                                          SLICE_R14C8B       CIN0_TO_COUT0_DELAY     0.277                 12.647  2       
segment_counter/n3172                                        NET DELAY               0.000                 12.647  2       
segment_counter/add_6_add_5_11/CI1->segment_counter/add_6_add_5_11/CO1
                                          SLICE_R14C8B       CIN1_TO_COUT1_DELAY     0.277                 12.924  2       
segment_counter/n1781                                        NET DELAY               0.000                 12.924  2       
segment_counter/add_6_add_5_13/CI0->segment_counter/add_6_add_5_13/CO0
                                          SLICE_R14C8C       CIN0_TO_COUT0_DELAY     0.277                 13.201  2       
segment_counter/n3175                                        NET DELAY               0.000                 13.201  2       
segment_counter/add_6_add_5_13/CI1->segment_counter/add_6_add_5_13/CO1
                                          SLICE_R14C8C       CIN1_TO_COUT1_DELAY     0.277                 13.478  2       
segment_counter/n1783                                        NET DELAY               0.000                 13.478  2       
segment_counter/add_6_add_5_15/CI0->segment_counter/add_6_add_5_15/CO0
                                          SLICE_R14C8D       CIN0_TO_COUT0_DELAY     0.277                 13.755  2       
segment_counter/n3178                                        NET DELAY               0.000                 13.755  2       
segment_counter/add_6_add_5_15/CI1->segment_counter/add_6_add_5_15/CO1
                                          SLICE_R14C8D       CIN1_TO_COUT1_DELAY     0.277                 14.032  2       
segment_counter/n1785                                        NET DELAY               0.555                 14.587  2       
segment_counter/add_6_add_5_17/CI0->segment_counter/add_6_add_5_17/CO0
                                          SLICE_R14C9A       CIN0_TO_COUT0_DELAY     0.277                 14.864  2       
segment_counter/n3181                                        NET DELAY               0.000                 14.864  2       
segment_counter/add_6_add_5_17/CI1->segment_counter/add_6_add_5_17/CO1
                                          SLICE_R14C9A       CIN1_TO_COUT1_DELAY     0.277                 15.141  2       
segment_counter/n1787                                        NET DELAY               0.000                 15.141  2       
segment_counter/add_6_add_5_19/CI0->segment_counter/add_6_add_5_19/CO0
                                          SLICE_R14C9B       CIN0_TO_COUT0_DELAY     0.277                 15.418  2       
segment_counter/n3184                                        NET DELAY               0.000                 15.418  2       
segment_counter/add_6_add_5_19/CI1->segment_counter/add_6_add_5_19/CO1
                                          SLICE_R14C9B       CIN1_TO_COUT1_DELAY     0.277                 15.695  2       
segment_counter/n1789                                        NET DELAY               0.000                 15.695  2       
segment_counter/add_6_add_5_21/CI0->segment_counter/add_6_add_5_21/CO0
                                          SLICE_R14C9C       CIN0_TO_COUT0_DELAY     0.277                 15.972  2       
segment_counter/n3187                                        NET DELAY               0.000                 15.972  2       
segment_counter/add_6_add_5_21/CI1->segment_counter/add_6_add_5_21/CO1
                                          SLICE_R14C9C       CIN1_TO_COUT1_DELAY     0.277                 16.249  2       
segment_counter/n1791                                        NET DELAY               0.000                 16.249  2       
segment_counter/add_6_add_5_23/CI0->segment_counter/add_6_add_5_23/CO0
                                          SLICE_R14C9D       CIN0_TO_COUT0_DELAY     0.277                 16.526  2       
segment_counter/n3190                                        NET DELAY               0.000                 16.526  2       
segment_counter/add_6_add_5_23/CI1->segment_counter/add_6_add_5_23/CO1
                                          SLICE_R14C9D       CIN1_TO_COUT1_DELAY     0.277                 16.803  2       
segment_counter/n1793                                        NET DELAY               0.555                 17.358  2       
segment_counter/add_6_add_5_25/CI0->segment_counter/add_6_add_5_25/CO0
                                          SLICE_R14C10A      CIN0_TO_COUT0_DELAY     0.277                 17.635  2       
segment_counter/n3193                                        NET DELAY               0.000                 17.635  2       
segment_counter/add_6_add_5_25/CI1->segment_counter/add_6_add_5_25/CO1
                                          SLICE_R14C10A      CIN1_TO_COUT1_DELAY     0.277                 17.912  2       
segment_counter/n1795                                        NET DELAY               0.661                 18.573  2       
segment_counter/add_6_add_5_27/D0->segment_counter/add_6_add_5_27/S0
                                          SLICE_R14C10B      D0_TO_F0_DELAY          0.449                 19.022  1       
segment_counter/n147[25]                                     NET DELAY               2.168                 21.190  1       
segment_counter/i1028_2_lut/A->segment_counter/i1028_2_lut/Z
                                          SLICE_R15C10C      D1_TO_F1_DELAY          0.476                 21.666  1       
segment_counter/n35[25]                                      NET DELAY               0.000                 21.666  1       
segment_counter/count__i25/D                                 ENDPOINT                0.000                 21.666  1       


Destination Clock Path
Name                                      Cell/Site Name     Delay Name           Incr      Arrival/Required Time  Fanout  
----------------------------------------  -----------------  -------------------  --------  ---------------------  ------  
                                                             CONSTRAINT              0.000                 20.833  1       
hf_osc/CLKHF                              HFOSC_HFOSC_R1C32  CLOCK LATENCY           0.000                 20.833  61      
row_synchronizer/int_osc                                     NET DELAY               5.499                 26.332  61      
{segment_counter/count__i26/CK   segment_counter/count__i25/CK}
                                                             CLOCK PIN               0.000                 26.332  1       
                                                             Uncertainty          -(0.000)                 26.332  
                                                             Setup time           -(0.198)                 26.134  
----------------------------------------  -----------------  -------------------  --------  ---------------------  ------  
Required Time                                                                                              26.134  
Arrival Time                                                                                            -(21.665)  
----------------------------------------  -----------------  -------------------  --------  ---------------------  ------  
Path Slack  (Passed)                                                                                        4.468  




++++ Path 5 ++++++++++++++++++++++++++++++++++++++++++++++++++++++++++ 

Path Begin       : segment_counter/count__i3/Q  (SLICE_R16C7A)
Path End         : segment_counter/count__i24/D  (SLICE_R14C10D)
Source Clock     : int_osc (R)
Destination Clock: int_osc (R)
Logic Level      : 24
Delay Ratio      : 48.3% (route), 51.7% (logic)
Clock Skew       : 0.000 ns 
Setup Constraint : 20.833 ns 
Path Slack       : 4.745 ns  (Passed)


Source Clock Path
Name                                      Cell/Site Name     Delay Name           Incr      Arrival/Required Time  Fanout  
----------------------------------------  -----------------  -------------------  --------  ---------------------  ------  
hf_osc/CLKHF                              HFOSC_HFOSC_R1C32  CLOCK LATENCY           0.000                  0.000  61      
row_synchronizer/int_osc                                     NET DELAY               5.499                  5.499  61      
{segment_counter/count__i3/CK   segment_counter/count__i2/CK}
                                                             CLOCK PIN               0.000                  5.499  1       


Data Path
Name                                      Cell/Site Name     Delay Name           Incr      Arrival/Required Time  Fanout  
----------------------------------------  -----------------  -------------------  --------  ---------------------  ------  
segment_counter/count__i3/CK->segment_counter/count__i3/Q
                                          SLICE_R16C7A       CLK_TO_Q0_DELAY         1.388                  6.887  2       
segment_counter/seg_count[3]                                 NET DELAY               3.186                 10.073  2       
segment_counter/add_6_add_5_5/B0->segment_counter/add_6_add_5_5/CO0
                                          SLICE_R14C7C       B0_TO_COUT0_DELAY       0.357                 10.430  2       
segment_counter/n3163                                        NET DELAY               0.000                 10.430  2       
segment_counter/add_6_add_5_5/CI1->segment_counter/add_6_add_5_5/CO1
                                          SLICE_R14C7C       CIN1_TO_COUT1_DELAY     0.277                 10.707  2       
segment_counter/n1775                                        NET DELAY               0.000                 10.707  2       
segment_counter/add_6_add_5_7/CI0->segment_counter/add_6_add_5_7/CO0
                                          SLICE_R14C7D       CIN0_TO_COUT0_DELAY     0.277                 10.984  2       
segment_counter/n3166                                        NET DELAY               0.000                 10.984  2       
segment_counter/add_6_add_5_7/CI1->segment_counter/add_6_add_5_7/CO1
                                          SLICE_R14C7D       CIN1_TO_COUT1_DELAY     0.277                 11.261  2       
segment_counter/n1777                                        NET DELAY               0.555                 11.816  2       
segment_counter/add_6_add_5_9/CI0->segment_counter/add_6_add_5_9/CO0
                                          SLICE_R14C8A       CIN0_TO_COUT0_DELAY     0.277                 12.093  2       
segment_counter/n3169                                        NET DELAY               0.000                 12.093  2       
segment_counter/add_6_add_5_9/CI1->segment_counter/add_6_add_5_9/CO1
                                          SLICE_R14C8A       CIN1_TO_COUT1_DELAY     0.277                 12.370  2       
segment_counter/n1779                                        NET DELAY               0.000                 12.370  2       
segment_counter/add_6_add_5_11/CI0->segment_counter/add_6_add_5_11/CO0
                                          SLICE_R14C8B       CIN0_TO_COUT0_DELAY     0.277                 12.647  2       
segment_counter/n3172                                        NET DELAY               0.000                 12.647  2       
segment_counter/add_6_add_5_11/CI1->segment_counter/add_6_add_5_11/CO1
                                          SLICE_R14C8B       CIN1_TO_COUT1_DELAY     0.277                 12.924  2       
segment_counter/n1781                                        NET DELAY               0.000                 12.924  2       
segment_counter/add_6_add_5_13/CI0->segment_counter/add_6_add_5_13/CO0
                                          SLICE_R14C8C       CIN0_TO_COUT0_DELAY     0.277                 13.201  2       
segment_counter/n3175                                        NET DELAY               0.000                 13.201  2       
segment_counter/add_6_add_5_13/CI1->segment_counter/add_6_add_5_13/CO1
                                          SLICE_R14C8C       CIN1_TO_COUT1_DELAY     0.277                 13.478  2       
segment_counter/n1783                                        NET DELAY               0.000                 13.478  2       
segment_counter/add_6_add_5_15/CI0->segment_counter/add_6_add_5_15/CO0
                                          SLICE_R14C8D       CIN0_TO_COUT0_DELAY     0.277                 13.755  2       
segment_counter/n3178                                        NET DELAY               0.000                 13.755  2       
segment_counter/add_6_add_5_15/CI1->segment_counter/add_6_add_5_15/CO1
                                          SLICE_R14C8D       CIN1_TO_COUT1_DELAY     0.277                 14.032  2       
segment_counter/n1785                                        NET DELAY               0.555                 14.587  2       
segment_counter/add_6_add_5_17/CI0->segment_counter/add_6_add_5_17/CO0
                                          SLICE_R14C9A       CIN0_TO_COUT0_DELAY     0.277                 14.864  2       
segment_counter/n3181                                        NET DELAY               0.000                 14.864  2       
segment_counter/add_6_add_5_17/CI1->segment_counter/add_6_add_5_17/CO1
                                          SLICE_R14C9A       CIN1_TO_COUT1_DELAY     0.277                 15.141  2       
segment_counter/n1787                                        NET DELAY               0.000                 15.141  2       
segment_counter/add_6_add_5_19/CI0->segment_counter/add_6_add_5_19/CO0
                                          SLICE_R14C9B       CIN0_TO_COUT0_DELAY     0.277                 15.418  2       
segment_counter/n3184                                        NET DELAY               0.000                 15.418  2       
segment_counter/add_6_add_5_19/CI1->segment_counter/add_6_add_5_19/CO1
                                          SLICE_R14C9B       CIN1_TO_COUT1_DELAY     0.277                 15.695  2       
segment_counter/n1789                                        NET DELAY               0.000                 15.695  2       
segment_counter/add_6_add_5_21/CI0->segment_counter/add_6_add_5_21/CO0
                                          SLICE_R14C9C       CIN0_TO_COUT0_DELAY     0.277                 15.972  2       
segment_counter/n3187                                        NET DELAY               0.000                 15.972  2       
segment_counter/add_6_add_5_21/CI1->segment_counter/add_6_add_5_21/CO1
                                          SLICE_R14C9C       CIN1_TO_COUT1_DELAY     0.277                 16.249  2       
segment_counter/n1791                                        NET DELAY               0.000                 16.249  2       
segment_counter/add_6_add_5_23/CI0->segment_counter/add_6_add_5_23/CO0
                                          SLICE_R14C9D       CIN0_TO_COUT0_DELAY     0.277                 16.526  2       
segment_counter/n3190                                        NET DELAY               0.000                 16.526  2       
segment_counter/add_6_add_5_23/CI1->segment_counter/add_6_add_5_23/CO1
                                          SLICE_R14C9D       CIN1_TO_COUT1_DELAY     0.277                 16.803  2       
segment_counter/n1793                                        NET DELAY               0.555                 17.358  2       
segment_counter/add_6_add_5_25/CI0->segment_counter/add_6_add_5_25/CO0
                                          SLICE_R14C10A      CIN0_TO_COUT0_DELAY     0.277                 17.635  2       
segment_counter/n3193                                        NET DELAY               0.661                 18.296  2       
segment_counter/add_6_add_5_25/D1->segment_counter/add_6_add_5_25/S1
                                          SLICE_R14C10A      D1_TO_F1_DELAY          0.449                 18.745  1       
segment_counter/n147[24]                                     NET DELAY               2.168                 20.913  1       
segment_counter/i1029_2_lut/A->segment_counter/i1029_2_lut/Z
                                          SLICE_R14C10D      D0_TO_F0_DELAY          0.476                 21.389  1       
segment_counter/n35[24]                                      NET DELAY               0.000                 21.389  1       
segment_counter/count__i24/D                                 ENDPOINT                0.000                 21.389  1       


Destination Clock Path
Name                                      Cell/Site Name     Delay Name           Incr      Arrival/Required Time  Fanout  
----------------------------------------  -----------------  -------------------  --------  ---------------------  ------  
                                                             CONSTRAINT              0.000                 20.833  1       
hf_osc/CLKHF                              HFOSC_HFOSC_R1C32  CLOCK LATENCY           0.000                 20.833  61      
row_synchronizer/int_osc                                     NET DELAY               5.499                 26.332  61      
{segment_counter/count__i24/CK   segment_counter/count__i23/CK}
                                                             CLOCK PIN               0.000                 26.332  1       
                                                             Uncertainty          -(0.000)                 26.332  
                                                             Setup time           -(0.198)                 26.134  
----------------------------------------  -----------------  -------------------  --------  ---------------------  ------  
Required Time                                                                                              26.134  
Arrival Time                                                                                            -(21.388)  
----------------------------------------  -----------------  -------------------  --------  ---------------------  ------  
Path Slack  (Passed)                                                                                        4.745  




++++ Path 6 ++++++++++++++++++++++++++++++++++++++++++++++++++++++++++ 

Path Begin       : segment_counter/count__i3/Q  (SLICE_R16C7A)
Path End         : segment_counter/count__i23/D  (SLICE_R14C10D)
Source Clock     : int_osc (R)
Destination Clock: int_osc (R)
Logic Level      : 23
Delay Ratio      : 50.0% (route), 50.0% (logic)
Clock Skew       : 0.000 ns 
Setup Constraint : 20.833 ns 
Path Slack       : 4.758 ns  (Passed)


Source Clock Path
Name                                      Cell/Site Name     Delay Name           Incr      Arrival/Required Time  Fanout  
----------------------------------------  -----------------  -------------------  --------  ---------------------  ------  
hf_osc/CLKHF                              HFOSC_HFOSC_R1C32  CLOCK LATENCY           0.000                  0.000  61      
row_synchronizer/int_osc                                     NET DELAY               5.499                  5.499  61      
{segment_counter/count__i3/CK   segment_counter/count__i2/CK}
                                                             CLOCK PIN               0.000                  5.499  1       


Data Path
Name                                      Cell/Site Name     Delay Name           Incr      Arrival/Required Time  Fanout  
----------------------------------------  -----------------  -------------------  --------  ---------------------  ------  
segment_counter/count__i3/CK->segment_counter/count__i3/Q
                                          SLICE_R16C7A       CLK_TO_Q0_DELAY         1.388                  6.887  2       
segment_counter/seg_count[3]                                 NET DELAY               3.186                 10.073  2       
segment_counter/add_6_add_5_5/B0->segment_counter/add_6_add_5_5/CO0
                                          SLICE_R14C7C       B0_TO_COUT0_DELAY       0.357                 10.430  2       
segment_counter/n3163                                        NET DELAY               0.000                 10.430  2       
segment_counter/add_6_add_5_5/CI1->segment_counter/add_6_add_5_5/CO1
                                          SLICE_R14C7C       CIN1_TO_COUT1_DELAY     0.277                 10.707  2       
segment_counter/n1775                                        NET DELAY               0.000                 10.707  2       
segment_counter/add_6_add_5_7/CI0->segment_counter/add_6_add_5_7/CO0
                                          SLICE_R14C7D       CIN0_TO_COUT0_DELAY     0.277                 10.984  2       
segment_counter/n3166                                        NET DELAY               0.000                 10.984  2       
segment_counter/add_6_add_5_7/CI1->segment_counter/add_6_add_5_7/CO1
                                          SLICE_R14C7D       CIN1_TO_COUT1_DELAY     0.277                 11.261  2       
segment_counter/n1777                                        NET DELAY               0.555                 11.816  2       
segment_counter/add_6_add_5_9/CI0->segment_counter/add_6_add_5_9/CO0
                                          SLICE_R14C8A       CIN0_TO_COUT0_DELAY     0.277                 12.093  2       
segment_counter/n3169                                        NET DELAY               0.000                 12.093  2       
segment_counter/add_6_add_5_9/CI1->segment_counter/add_6_add_5_9/CO1
                                          SLICE_R14C8A       CIN1_TO_COUT1_DELAY     0.277                 12.370  2       
segment_counter/n1779                                        NET DELAY               0.000                 12.370  2       
segment_counter/add_6_add_5_11/CI0->segment_counter/add_6_add_5_11/CO0
                                          SLICE_R14C8B       CIN0_TO_COUT0_DELAY     0.277                 12.647  2       
segment_counter/n3172                                        NET DELAY               0.000                 12.647  2       
segment_counter/add_6_add_5_11/CI1->segment_counter/add_6_add_5_11/CO1
                                          SLICE_R14C8B       CIN1_TO_COUT1_DELAY     0.277                 12.924  2       
segment_counter/n1781                                        NET DELAY               0.000                 12.924  2       
segment_counter/add_6_add_5_13/CI0->segment_counter/add_6_add_5_13/CO0
                                          SLICE_R14C8C       CIN0_TO_COUT0_DELAY     0.277                 13.201  2       
segment_counter/n3175                                        NET DELAY               0.000                 13.201  2       
segment_counter/add_6_add_5_13/CI1->segment_counter/add_6_add_5_13/CO1
                                          SLICE_R14C8C       CIN1_TO_COUT1_DELAY     0.277                 13.478  2       
segment_counter/n1783                                        NET DELAY               0.000                 13.478  2       
segment_counter/add_6_add_5_15/CI0->segment_counter/add_6_add_5_15/CO0
                                          SLICE_R14C8D       CIN0_TO_COUT0_DELAY     0.277                 13.755  2       
segment_counter/n3178                                        NET DELAY               0.000                 13.755  2       
segment_counter/add_6_add_5_15/CI1->segment_counter/add_6_add_5_15/CO1
                                          SLICE_R14C8D       CIN1_TO_COUT1_DELAY     0.277                 14.032  2       
segment_counter/n1785                                        NET DELAY               0.555                 14.587  2       
segment_counter/add_6_add_5_17/CI0->segment_counter/add_6_add_5_17/CO0
                                          SLICE_R14C9A       CIN0_TO_COUT0_DELAY     0.277                 14.864  2       
segment_counter/n3181                                        NET DELAY               0.000                 14.864  2       
segment_counter/add_6_add_5_17/CI1->segment_counter/add_6_add_5_17/CO1
                                          SLICE_R14C9A       CIN1_TO_COUT1_DELAY     0.277                 15.141  2       
segment_counter/n1787                                        NET DELAY               0.000                 15.141  2       
segment_counter/add_6_add_5_19/CI0->segment_counter/add_6_add_5_19/CO0
                                          SLICE_R14C9B       CIN0_TO_COUT0_DELAY     0.277                 15.418  2       
segment_counter/n3184                                        NET DELAY               0.000                 15.418  2       
segment_counter/add_6_add_5_19/CI1->segment_counter/add_6_add_5_19/CO1
                                          SLICE_R14C9B       CIN1_TO_COUT1_DELAY     0.277                 15.695  2       
segment_counter/n1789                                        NET DELAY               0.000                 15.695  2       
segment_counter/add_6_add_5_21/CI0->segment_counter/add_6_add_5_21/CO0
                                          SLICE_R14C9C       CIN0_TO_COUT0_DELAY     0.277                 15.972  2       
segment_counter/n3187                                        NET DELAY               0.000                 15.972  2       
segment_counter/add_6_add_5_21/CI1->segment_counter/add_6_add_5_21/CO1
                                          SLICE_R14C9C       CIN1_TO_COUT1_DELAY     0.277                 16.249  2       
segment_counter/n1791                                        NET DELAY               0.000                 16.249  2       
segment_counter/add_6_add_5_23/CI0->segment_counter/add_6_add_5_23/CO0
                                          SLICE_R14C9D       CIN0_TO_COUT0_DELAY     0.277                 16.526  2       
segment_counter/n3190                                        NET DELAY               0.000                 16.526  2       
segment_counter/add_6_add_5_23/CI1->segment_counter/add_6_add_5_23/CO1
                                          SLICE_R14C9D       CIN1_TO_COUT1_DELAY     0.277                 16.803  2       
segment_counter/n1793                                        NET DELAY               1.216                 18.019  2       
segment_counter/add_6_add_5_25/D0->segment_counter/add_6_add_5_25/S0
                                          SLICE_R14C10A      D0_TO_F0_DELAY          0.449                 18.468  1       
segment_counter/n147[23]                                     NET DELAY               2.432                 20.900  1       
segment_counter/i1030_2_lut/A->segment_counter/i1030_2_lut/Z
                                          SLICE_R14C10D      C1_TO_F1_DELAY          0.476                 21.376  1       
segment_counter/n35[23]                                      NET DELAY               0.000                 21.376  1       
segment_counter/count__i23/D                                 ENDPOINT                0.000                 21.376  1       


Destination Clock Path
Name                                      Cell/Site Name     Delay Name           Incr      Arrival/Required Time  Fanout  
----------------------------------------  -----------------  -------------------  --------  ---------------------  ------  
                                                             CONSTRAINT              0.000                 20.833  1       
hf_osc/CLKHF                              HFOSC_HFOSC_R1C32  CLOCK LATENCY           0.000                 20.833  61      
row_synchronizer/int_osc                                     NET DELAY               5.499                 26.332  61      
{segment_counter/count__i24/CK   segment_counter/count__i23/CK}
                                                             CLOCK PIN               0.000                 26.332  1       
                                                             Uncertainty          -(0.000)                 26.332  
                                                             Setup time           -(0.198)                 26.134  
----------------------------------------  -----------------  -------------------  --------  ---------------------  ------  
Required Time                                                                                              26.134  
Arrival Time                                                                                            -(21.375)  
----------------------------------------  -----------------  -------------------  --------  ---------------------  ------  
Path Slack  (Passed)                                                                                        4.758  




++++ Path 7 ++++++++++++++++++++++++++++++++++++++++++++++++++++++++++ 

Path Begin       : segment_counter/count__i3/Q  (SLICE_R16C7A)
Path End         : segment_counter/count__i22/D  (SLICE_R16C9A)
Source Clock     : int_osc (R)
Destination Clock: int_osc (R)
Logic Level      : 22
Delay Ratio      : 50.2% (route), 49.8% (logic)
Clock Skew       : 0.000 ns 
Setup Constraint : 20.833 ns 
Path Slack       : 5.259 ns  (Passed)


Source Clock Path
Name                                      Cell/Site Name     Delay Name           Incr      Arrival/Required Time  Fanout  
----------------------------------------  -----------------  -------------------  --------  ---------------------  ------  
hf_osc/CLKHF                              HFOSC_HFOSC_R1C32  CLOCK LATENCY           0.000                  0.000  61      
row_synchronizer/int_osc                                     NET DELAY               5.499                  5.499  61      
{segment_counter/count__i3/CK   segment_counter/count__i2/CK}
                                                             CLOCK PIN               0.000                  5.499  1       


Data Path
Name                                      Cell/Site Name     Delay Name           Incr      Arrival/Required Time  Fanout  
----------------------------------------  -----------------  -------------------  --------  ---------------------  ------  
segment_counter/count__i3/CK->segment_counter/count__i3/Q
                                          SLICE_R16C7A       CLK_TO_Q0_DELAY         1.388                  6.887  2       
segment_counter/seg_count[3]                                 NET DELAY               3.186                 10.073  2       
segment_counter/add_6_add_5_5/B0->segment_counter/add_6_add_5_5/CO0
                                          SLICE_R14C7C       B0_TO_COUT0_DELAY       0.357                 10.430  2       
segment_counter/n3163                                        NET DELAY               0.000                 10.430  2       
segment_counter/add_6_add_5_5/CI1->segment_counter/add_6_add_5_5/CO1
                                          SLICE_R14C7C       CIN1_TO_COUT1_DELAY     0.277                 10.707  2       
segment_counter/n1775                                        NET DELAY               0.000                 10.707  2       
segment_counter/add_6_add_5_7/CI0->segment_counter/add_6_add_5_7/CO0
                                          SLICE_R14C7D       CIN0_TO_COUT0_DELAY     0.277                 10.984  2       
segment_counter/n3166                                        NET DELAY               0.000                 10.984  2       
segment_counter/add_6_add_5_7/CI1->segment_counter/add_6_add_5_7/CO1
                                          SLICE_R14C7D       CIN1_TO_COUT1_DELAY     0.277                 11.261  2       
segment_counter/n1777                                        NET DELAY               0.555                 11.816  2       
segment_counter/add_6_add_5_9/CI0->segment_counter/add_6_add_5_9/CO0
                                          SLICE_R14C8A       CIN0_TO_COUT0_DELAY     0.277                 12.093  2       
segment_counter/n3169                                        NET DELAY               0.000                 12.093  2       
segment_counter/add_6_add_5_9/CI1->segment_counter/add_6_add_5_9/CO1
                                          SLICE_R14C8A       CIN1_TO_COUT1_DELAY     0.277                 12.370  2       
segment_counter/n1779                                        NET DELAY               0.000                 12.370  2       
segment_counter/add_6_add_5_11/CI0->segment_counter/add_6_add_5_11/CO0
                                          SLICE_R14C8B       CIN0_TO_COUT0_DELAY     0.277                 12.647  2       
segment_counter/n3172                                        NET DELAY               0.000                 12.647  2       
segment_counter/add_6_add_5_11/CI1->segment_counter/add_6_add_5_11/CO1
                                          SLICE_R14C8B       CIN1_TO_COUT1_DELAY     0.277                 12.924  2       
segment_counter/n1781                                        NET DELAY               0.000                 12.924  2       
segment_counter/add_6_add_5_13/CI0->segment_counter/add_6_add_5_13/CO0
                                          SLICE_R14C8C       CIN0_TO_COUT0_DELAY     0.277                 13.201  2       
segment_counter/n3175                                        NET DELAY               0.000                 13.201  2       
segment_counter/add_6_add_5_13/CI1->segment_counter/add_6_add_5_13/CO1
                                          SLICE_R14C8C       CIN1_TO_COUT1_DELAY     0.277                 13.478  2       
segment_counter/n1783                                        NET DELAY               0.000                 13.478  2       
segment_counter/add_6_add_5_15/CI0->segment_counter/add_6_add_5_15/CO0
                                          SLICE_R14C8D       CIN0_TO_COUT0_DELAY     0.277                 13.755  2       
segment_counter/n3178                                        NET DELAY               0.000                 13.755  2       
segment_counter/add_6_add_5_15/CI1->segment_counter/add_6_add_5_15/CO1
                                          SLICE_R14C8D       CIN1_TO_COUT1_DELAY     0.277                 14.032  2       
segment_counter/n1785                                        NET DELAY               0.555                 14.587  2       
segment_counter/add_6_add_5_17/CI0->segment_counter/add_6_add_5_17/CO0
                                          SLICE_R14C9A       CIN0_TO_COUT0_DELAY     0.277                 14.864  2       
segment_counter/n3181                                        NET DELAY               0.000                 14.864  2       
segment_counter/add_6_add_5_17/CI1->segment_counter/add_6_add_5_17/CO1
                                          SLICE_R14C9A       CIN1_TO_COUT1_DELAY     0.277                 15.141  2       
segment_counter/n1787                                        NET DELAY               0.000                 15.141  2       
segment_counter/add_6_add_5_19/CI0->segment_counter/add_6_add_5_19/CO0
                                          SLICE_R14C9B       CIN0_TO_COUT0_DELAY     0.277                 15.418  2       
segment_counter/n3184                                        NET DELAY               0.000                 15.418  2       
segment_counter/add_6_add_5_19/CI1->segment_counter/add_6_add_5_19/CO1
                                          SLICE_R14C9B       CIN1_TO_COUT1_DELAY     0.277                 15.695  2       
segment_counter/n1789                                        NET DELAY               0.000                 15.695  2       
segment_counter/add_6_add_5_21/CI0->segment_counter/add_6_add_5_21/CO0
                                          SLICE_R14C9C       CIN0_TO_COUT0_DELAY     0.277                 15.972  2       
segment_counter/n3187                                        NET DELAY               0.000                 15.972  2       
segment_counter/add_6_add_5_21/CI1->segment_counter/add_6_add_5_21/CO1
                                          SLICE_R14C9C       CIN1_TO_COUT1_DELAY     0.277                 16.249  2       
segment_counter/n1791                                        NET DELAY               0.000                 16.249  2       
segment_counter/add_6_add_5_23/CI0->segment_counter/add_6_add_5_23/CO0
                                          SLICE_R14C9D       CIN0_TO_COUT0_DELAY     0.277                 16.526  2       
segment_counter/n3190                                        NET DELAY               0.661                 17.187  2       
segment_counter/add_6_add_5_23/D1->segment_counter/add_6_add_5_23/S1
                                          SLICE_R14C9D       D1_TO_F1_DELAY          0.449                 17.636  1       
segment_counter/n147[22]                                     NET DELAY               2.763                 20.399  1       
segment_counter/i1031_2_lut/A->segment_counter/i1031_2_lut/Z
                                          SLICE_R16C9A       D0_TO_F0_DELAY          0.476                 20.875  1       
segment_counter/n35[22]                                      NET DELAY               0.000                 20.875  1       
segment_counter/count__i22/D                                 ENDPOINT                0.000                 20.875  1       


Destination Clock Path
Name                                      Cell/Site Name     Delay Name           Incr      Arrival/Required Time  Fanout  
----------------------------------------  -----------------  -------------------  --------  ---------------------  ------  
                                                             CONSTRAINT              0.000                 20.833  1       
hf_osc/CLKHF                              HFOSC_HFOSC_R1C32  CLOCK LATENCY           0.000                 20.833  61      
row_synchronizer/int_osc                                     NET DELAY               5.499                 26.332  61      
{segment_counter/count__i22/CK   segment_counter/count__i21/CK}
                                                             CLOCK PIN               0.000                 26.332  1       
                                                             Uncertainty          -(0.000)                 26.332  
                                                             Setup time           -(0.198)                 26.134  
----------------------------------------  -----------------  -------------------  --------  ---------------------  ------  
Required Time                                                                                              26.134  
Arrival Time                                                                                            -(20.874)  
----------------------------------------  -----------------  -------------------  --------  ---------------------  ------  
Path Slack  (Passed)                                                                                        5.259  




++++ Path 8 ++++++++++++++++++++++++++++++++++++++++++++++++++++++++++ 

Path Begin       : segment_counter/count__i3/Q  (SLICE_R16C7A)
Path End         : segment_counter/count__i21/D  (SLICE_R16C9A)
Source Clock     : int_osc (R)
Destination Clock: int_osc (R)
Logic Level      : 21
Delay Ratio      : 52.0% (route), 48.0% (logic)
Clock Skew       : 0.000 ns 
Setup Constraint : 20.833 ns 
Path Slack       : 5.272 ns  (Passed)


Source Clock Path
Name                                      Cell/Site Name     Delay Name           Incr      Arrival/Required Time  Fanout  
----------------------------------------  -----------------  -------------------  --------  ---------------------  ------  
hf_osc/CLKHF                              HFOSC_HFOSC_R1C32  CLOCK LATENCY           0.000                  0.000  61      
row_synchronizer/int_osc                                     NET DELAY               5.499                  5.499  61      
{segment_counter/count__i3/CK   segment_counter/count__i2/CK}
                                                             CLOCK PIN               0.000                  5.499  1       


Data Path
Name                                      Cell/Site Name     Delay Name           Incr      Arrival/Required Time  Fanout  
----------------------------------------  -----------------  -------------------  --------  ---------------------  ------  
segment_counter/count__i3/CK->segment_counter/count__i3/Q
                                          SLICE_R16C7A       CLK_TO_Q0_DELAY         1.388                  6.887  2       
segment_counter/seg_count[3]                                 NET DELAY               3.186                 10.073  2       
segment_counter/add_6_add_5_5/B0->segment_counter/add_6_add_5_5/CO0
                                          SLICE_R14C7C       B0_TO_COUT0_DELAY       0.357                 10.430  2       
segment_counter/n3163                                        NET DELAY               0.000                 10.430  2       
segment_counter/add_6_add_5_5/CI1->segment_counter/add_6_add_5_5/CO1
                                          SLICE_R14C7C       CIN1_TO_COUT1_DELAY     0.277                 10.707  2       
segment_counter/n1775                                        NET DELAY               0.000                 10.707  2       
segment_counter/add_6_add_5_7/CI0->segment_counter/add_6_add_5_7/CO0
                                          SLICE_R14C7D       CIN0_TO_COUT0_DELAY     0.277                 10.984  2       
segment_counter/n3166                                        NET DELAY               0.000                 10.984  2       
segment_counter/add_6_add_5_7/CI1->segment_counter/add_6_add_5_7/CO1
                                          SLICE_R14C7D       CIN1_TO_COUT1_DELAY     0.277                 11.261  2       
segment_counter/n1777                                        NET DELAY               0.555                 11.816  2       
segment_counter/add_6_add_5_9/CI0->segment_counter/add_6_add_5_9/CO0
                                          SLICE_R14C8A       CIN0_TO_COUT0_DELAY     0.277                 12.093  2       
segment_counter/n3169                                        NET DELAY               0.000                 12.093  2       
segment_counter/add_6_add_5_9/CI1->segment_counter/add_6_add_5_9/CO1
                                          SLICE_R14C8A       CIN1_TO_COUT1_DELAY     0.277                 12.370  2       
segment_counter/n1779                                        NET DELAY               0.000                 12.370  2       
segment_counter/add_6_add_5_11/CI0->segment_counter/add_6_add_5_11/CO0
                                          SLICE_R14C8B       CIN0_TO_COUT0_DELAY     0.277                 12.647  2       
segment_counter/n3172                                        NET DELAY               0.000                 12.647  2       
segment_counter/add_6_add_5_11/CI1->segment_counter/add_6_add_5_11/CO1
                                          SLICE_R14C8B       CIN1_TO_COUT1_DELAY     0.277                 12.924  2       
segment_counter/n1781                                        NET DELAY               0.000                 12.924  2       
segment_counter/add_6_add_5_13/CI0->segment_counter/add_6_add_5_13/CO0
                                          SLICE_R14C8C       CIN0_TO_COUT0_DELAY     0.277                 13.201  2       
segment_counter/n3175                                        NET DELAY               0.000                 13.201  2       
segment_counter/add_6_add_5_13/CI1->segment_counter/add_6_add_5_13/CO1
                                          SLICE_R14C8C       CIN1_TO_COUT1_DELAY     0.277                 13.478  2       
segment_counter/n1783                                        NET DELAY               0.000                 13.478  2       
segment_counter/add_6_add_5_15/CI0->segment_counter/add_6_add_5_15/CO0
                                          SLICE_R14C8D       CIN0_TO_COUT0_DELAY     0.277                 13.755  2       
segment_counter/n3178                                        NET DELAY               0.000                 13.755  2       
segment_counter/add_6_add_5_15/CI1->segment_counter/add_6_add_5_15/CO1
                                          SLICE_R14C8D       CIN1_TO_COUT1_DELAY     0.277                 14.032  2       
segment_counter/n1785                                        NET DELAY               0.555                 14.587  2       
segment_counter/add_6_add_5_17/CI0->segment_counter/add_6_add_5_17/CO0
                                          SLICE_R14C9A       CIN0_TO_COUT0_DELAY     0.277                 14.864  2       
segment_counter/n3181                                        NET DELAY               0.000                 14.864  2       
segment_counter/add_6_add_5_17/CI1->segment_counter/add_6_add_5_17/CO1
                                          SLICE_R14C9A       CIN1_TO_COUT1_DELAY     0.277                 15.141  2       
segment_counter/n1787                                        NET DELAY               0.000                 15.141  2       
segment_counter/add_6_add_5_19/CI0->segment_counter/add_6_add_5_19/CO0
                                          SLICE_R14C9B       CIN0_TO_COUT0_DELAY     0.277                 15.418  2       
segment_counter/n3184                                        NET DELAY               0.000                 15.418  2       
segment_counter/add_6_add_5_19/CI1->segment_counter/add_6_add_5_19/CO1
                                          SLICE_R14C9B       CIN1_TO_COUT1_DELAY     0.277                 15.695  2       
segment_counter/n1789                                        NET DELAY               0.000                 15.695  2       
segment_counter/add_6_add_5_21/CI0->segment_counter/add_6_add_5_21/CO0
                                          SLICE_R14C9C       CIN0_TO_COUT0_DELAY     0.277                 15.972  2       
segment_counter/n3187                                        NET DELAY               0.000                 15.972  2       
segment_counter/add_6_add_5_21/CI1->segment_counter/add_6_add_5_21/CO1
                                          SLICE_R14C9C       CIN1_TO_COUT1_DELAY     0.277                 16.249  2       
segment_counter/n1791                                        NET DELAY               0.661                 16.910  2       
segment_counter/add_6_add_5_23/D0->segment_counter/add_6_add_5_23/S0
                                          SLICE_R14C9D       D0_TO_F0_DELAY          0.449                 17.359  1       
segment_counter/n147[21]                                     NET DELAY               3.027                 20.386  1       
segment_counter/i1032_2_lut/A->segment_counter/i1032_2_lut/Z
                                          SLICE_R16C9A       C1_TO_F1_DELAY          0.476                 20.862  1       
segment_counter/n35[21]                                      NET DELAY               0.000                 20.862  1       
segment_counter/count__i21/D                                 ENDPOINT                0.000                 20.862  1       


Destination Clock Path
Name                                      Cell/Site Name     Delay Name           Incr      Arrival/Required Time  Fanout  
----------------------------------------  -----------------  -------------------  --------  ---------------------  ------  
                                                             CONSTRAINT              0.000                 20.833  1       
hf_osc/CLKHF                              HFOSC_HFOSC_R1C32  CLOCK LATENCY           0.000                 20.833  61      
row_synchronizer/int_osc                                     NET DELAY               5.499                 26.332  61      
{segment_counter/count__i22/CK   segment_counter/count__i21/CK}
                                                             CLOCK PIN               0.000                 26.332  1       
                                                             Uncertainty          -(0.000)                 26.332  
                                                             Setup time           -(0.198)                 26.134  
----------------------------------------  -----------------  -------------------  --------  ---------------------  ------  
Required Time                                                                                              26.134  
Arrival Time                                                                                            -(20.861)  
----------------------------------------  -----------------  -------------------  --------  ---------------------  ------  
Path Slack  (Passed)                                                                                        5.272  




++++ Path 9 ++++++++++++++++++++++++++++++++++++++++++++++++++++++++++ 

Path Begin       : main_fsm/press_logic/map__i13/Q  (SLICE_R21C10A)
Path End         : main_fsm/d0_i0_i2/D  (SLICE_R17C8A)
Source Clock     : int_osc (R)
Destination Clock: int_osc (R)
Logic Level      : 6
Delay Ratio      : 76.0% (route), 24.0% (logic)
Clock Skew       : 0.000 ns 
Setup Constraint : 20.833 ns 
Path Slack       : 5.302 ns  (Passed)


Source Clock Path
Name                                      Cell/Site Name     Delay Name       Incr      Arrival/Required Time  Fanout  
----------------------------------------  -----------------  ---------------  --------  ---------------------  ------  
hf_osc/CLKHF                              HFOSC_HFOSC_R1C32  CLOCK LATENCY       0.000                  0.000  61      
row_synchronizer/int_osc                                     NET DELAY           5.499                  5.499  61      
{main_fsm/press_logic/map__i13/CK   main_fsm/press_logic/map__i12/CK}
                                                             CLOCK PIN           0.000                  5.499  1       


Data Path
Name                                      Cell/Site Name     Delay Name       Incr      Arrival/Required Time  Fanout  
----------------------------------------  -----------------  ---------------  --------  ---------------------  ------  
main_fsm/press_logic/map__i13/CK->main_fsm/press_logic/map__i13/Q
                                          SLICE_R21C10A      CLK_TO_Q0_DELAY     1.388                  6.887  9       
main_fsm/press_logic/map[13]                                 NET DELAY           2.948                  9.835  9       
i1858_3_lut_4_lut/D->i1858_3_lut_4_lut/Z  SLICE_R19C8A       D1_TO_F1_DELAY      0.449                 10.284  1       
n2321                                                        NET DELAY           3.146                 13.430  1       
i2_4_lut_adj_15/B->i2_4_lut_adj_15/Z      SLICE_R18C9B       A0_TO_F0_DELAY      0.476                 13.906  1       
n2042                                                        NET DELAY           0.304                 14.210  1       
i1_4_lut_adj_16/A->i1_4_lut_adj_16/Z      SLICE_R18C9B       C1_TO_F1_DELAY      0.449                 14.659  2       
n282                                                         NET DELAY           2.168                 16.827  2       
i1_2_lut/B->i1_2_lut/Z                    SLICE_R18C9D       D0_TO_F0_DELAY      0.449                 17.276  2       
n2196                                                        NET DELAY           3.080                 20.356  2       
i1_3_lut_4_lut/C->i1_3_lut_4_lut/Z        SLICE_R17C8A       B1_TO_F1_DELAY      0.476                 20.832  1       
main_fsm/key_next[2]                                         NET DELAY           0.000                 20.832  1       
main_fsm/d0_i0_i2/D                                          ENDPOINT            0.000                 20.832  1       


Destination Clock Path
Name                                      Cell/Site Name     Delay Name       Incr      Arrival/Required Time  Fanout  
----------------------------------------  -----------------  ---------------  --------  ---------------------  ------  
                                                             CONSTRAINT          0.000                 20.833  1       
hf_osc/CLKHF                              HFOSC_HFOSC_R1C32  CLOCK LATENCY       0.000                 20.833  61      
row_synchronizer/int_osc                                     NET DELAY           5.499                 26.332  61      
{main_fsm/d0_i0_i3/CK   main_fsm/d0_i0_i2/CK}
                                                             CLOCK PIN           0.000                 26.332  1       
                                                             Uncertainty      -(0.000)                 26.332  
                                                             Setup time       -(0.198)                 26.134  
----------------------------------------  -----------------  ---------------  --------  ---------------------  ------  
Required Time                                                                                          26.134  
Arrival Time                                                                                        -(20.831)  
----------------------------------------  -----------------  ---------------  --------  ---------------------  ------  
Path Slack  (Passed)                                                                                    5.302  




++++ Path 10 ++++++++++++++++++++++++++++++++++++++++++++++++++++++++++ 

Path Begin       : segment_counter/count__i3/Q  (SLICE_R16C7A)
Path End         : segment_counter/count__i19/D  (SLICE_R15C10B)
Source Clock     : int_osc (R)
Destination Clock: int_osc (R)
Logic Level      : 19
Delay Ratio      : 53.9% (route), 46.1% (logic)
Clock Skew       : 0.000 ns 
Setup Constraint : 20.833 ns 
Path Slack       : 5.826 ns  (Passed)


Source Clock Path
Name                                      Cell/Site Name     Delay Name           Incr      Arrival/Required Time  Fanout  
----------------------------------------  -----------------  -------------------  --------  ---------------------  ------  
hf_osc/CLKHF                              HFOSC_HFOSC_R1C32  CLOCK LATENCY           0.000                  0.000  61      
row_synchronizer/int_osc                                     NET DELAY               5.499                  5.499  61      
{segment_counter/count__i3/CK   segment_counter/count__i2/CK}
                                                             CLOCK PIN               0.000                  5.499  1       


Data Path
Name                                      Cell/Site Name     Delay Name           Incr      Arrival/Required Time  Fanout  
----------------------------------------  -----------------  -------------------  --------  ---------------------  ------  
segment_counter/count__i3/CK->segment_counter/count__i3/Q
                                          SLICE_R16C7A       CLK_TO_Q0_DELAY         1.388                  6.887  2       
segment_counter/seg_count[3]                                 NET DELAY               3.186                 10.073  2       
segment_counter/add_6_add_5_5/B0->segment_counter/add_6_add_5_5/CO0
                                          SLICE_R14C7C       B0_TO_COUT0_DELAY       0.357                 10.430  2       
segment_counter/n3163                                        NET DELAY               0.000                 10.430  2       
segment_counter/add_6_add_5_5/CI1->segment_counter/add_6_add_5_5/CO1
                                          SLICE_R14C7C       CIN1_TO_COUT1_DELAY     0.277                 10.707  2       
segment_counter/n1775                                        NET DELAY               0.000                 10.707  2       
segment_counter/add_6_add_5_7/CI0->segment_counter/add_6_add_5_7/CO0
                                          SLICE_R14C7D       CIN0_TO_COUT0_DELAY     0.277                 10.984  2       
segment_counter/n3166                                        NET DELAY               0.000                 10.984  2       
segment_counter/add_6_add_5_7/CI1->segment_counter/add_6_add_5_7/CO1
                                          SLICE_R14C7D       CIN1_TO_COUT1_DELAY     0.277                 11.261  2       
segment_counter/n1777                                        NET DELAY               0.555                 11.816  2       
segment_counter/add_6_add_5_9/CI0->segment_counter/add_6_add_5_9/CO0
                                          SLICE_R14C8A       CIN0_TO_COUT0_DELAY     0.277                 12.093  2       
segment_counter/n3169                                        NET DELAY               0.000                 12.093  2       
segment_counter/add_6_add_5_9/CI1->segment_counter/add_6_add_5_9/CO1
                                          SLICE_R14C8A       CIN1_TO_COUT1_DELAY     0.277                 12.370  2       
segment_counter/n1779                                        NET DELAY               0.000                 12.370  2       
segment_counter/add_6_add_5_11/CI0->segment_counter/add_6_add_5_11/CO0
                                          SLICE_R14C8B       CIN0_TO_COUT0_DELAY     0.277                 12.647  2       
segment_counter/n3172                                        NET DELAY               0.000                 12.647  2       
segment_counter/add_6_add_5_11/CI1->segment_counter/add_6_add_5_11/CO1
                                          SLICE_R14C8B       CIN1_TO_COUT1_DELAY     0.277                 12.924  2       
segment_counter/n1781                                        NET DELAY               0.000                 12.924  2       
segment_counter/add_6_add_5_13/CI0->segment_counter/add_6_add_5_13/CO0
                                          SLICE_R14C8C       CIN0_TO_COUT0_DELAY     0.277                 13.201  2       
segment_counter/n3175                                        NET DELAY               0.000                 13.201  2       
segment_counter/add_6_add_5_13/CI1->segment_counter/add_6_add_5_13/CO1
                                          SLICE_R14C8C       CIN1_TO_COUT1_DELAY     0.277                 13.478  2       
segment_counter/n1783                                        NET DELAY               0.000                 13.478  2       
segment_counter/add_6_add_5_15/CI0->segment_counter/add_6_add_5_15/CO0
                                          SLICE_R14C8D       CIN0_TO_COUT0_DELAY     0.277                 13.755  2       
segment_counter/n3178                                        NET DELAY               0.000                 13.755  2       
segment_counter/add_6_add_5_15/CI1->segment_counter/add_6_add_5_15/CO1
                                          SLICE_R14C8D       CIN1_TO_COUT1_DELAY     0.277                 14.032  2       
segment_counter/n1785                                        NET DELAY               0.555                 14.587  2       
segment_counter/add_6_add_5_17/CI0->segment_counter/add_6_add_5_17/CO0
                                          SLICE_R14C9A       CIN0_TO_COUT0_DELAY     0.277                 14.864  2       
segment_counter/n3181                                        NET DELAY               0.000                 14.864  2       
segment_counter/add_6_add_5_17/CI1->segment_counter/add_6_add_5_17/CO1
                                          SLICE_R14C9A       CIN1_TO_COUT1_DELAY     0.277                 15.141  2       
segment_counter/n1787                                        NET DELAY               0.000                 15.141  2       
segment_counter/add_6_add_5_19/CI0->segment_counter/add_6_add_5_19/CO0
                                          SLICE_R14C9B       CIN0_TO_COUT0_DELAY     0.277                 15.418  2       
segment_counter/n3184                                        NET DELAY               0.000                 15.418  2       
segment_counter/add_6_add_5_19/CI1->segment_counter/add_6_add_5_19/CO1
                                          SLICE_R14C9B       CIN1_TO_COUT1_DELAY     0.277                 15.695  2       
segment_counter/n1789                                        NET DELAY               0.661                 16.356  2       
segment_counter/add_6_add_5_21/D0->segment_counter/add_6_add_5_21/S0
                                          SLICE_R14C9C       D0_TO_F0_DELAY          0.449                 16.805  1       
segment_counter/n147[19]                                     NET DELAY               3.027                 19.832  1       
segment_counter/i1034_2_lut/A->segment_counter/i1034_2_lut/Z
                                          SLICE_R15C10B      C1_TO_F1_DELAY          0.476                 20.308  1       
segment_counter/n35[19]                                      NET DELAY               0.000                 20.308  1       
segment_counter/count__i19/D                                 ENDPOINT                0.000                 20.308  1       


Destination Clock Path
Name                                      Cell/Site Name     Delay Name           Incr      Arrival/Required Time  Fanout  
----------------------------------------  -----------------  -------------------  --------  ---------------------  ------  
                                                             CONSTRAINT              0.000                 20.833  1       
hf_osc/CLKHF                              HFOSC_HFOSC_R1C32  CLOCK LATENCY           0.000                 20.833  61      
row_synchronizer/int_osc                                     NET DELAY               5.499                 26.332  61      
{segment_counter/count__i20/CK   segment_counter/count__i19/CK}
                                                             CLOCK PIN               0.000                 26.332  1       
                                                             Uncertainty          -(0.000)                 26.332  
                                                             Setup time           -(0.198)                 26.134  
----------------------------------------  -----------------  -------------------  --------  ---------------------  ------  
Required Time                                                                                              26.134  
Arrival Time                                                                                            -(20.307)  
----------------------------------------  -----------------  -------------------  --------  ---------------------  ------  
Path Slack  (Passed)                                                                                        5.826  



+++++++++++++++++++++++++++++++++++++++++++++++++++++++++++++++++++++ 
                    End of Detailed Report for timing paths 
+++++++++++++++++++++++++++++++++++++++++++++++++++++++++++++++++++++ 


##########################################################



===============================================================
3  Hold at Speed Grade m Corner at -40 Degrees
===============================================================

3.1  Endpoint slacks
=======================
-------------------------------------------------------
          Listing 10 End Points          |    Slack    
-------------------------------------------------------
bouncer/state_FSM_i3/D                   |    1.743 ns 
main_fsm/press_logic/map__i5/D           |    1.743 ns 
main_fsm/press_logic/map__i4/D           |    1.743 ns 
main_fsm/press_logic/map__i13/D          |    1.743 ns 
main_fsm/press_logic/map__i12/D          |    1.743 ns 
main_fsm/press_logic/map__i15/D          |    1.743 ns 
main_fsm/state_FSM_i0/D                  |    1.743 ns 
bouncer/state_FSM_i2/D                   |    1.743 ns 
bouncer/debounce_counter/count_208__i12/D|    1.913 ns 
bouncer/debounce_counter/count_208__i13/D|    1.913 ns 
-------------------------------------------------------
                                         |             
Hold # of endpoints with negative slack: |           0 
                                         |             
-------------------------------------------------------

3.2  Detailed Report
=======================


XXXXXXXXXXXXXXXXXXXXXXXXXXXXXXXXXXXXXXXXXXXXXXXXXXXXXXXXXX

Detail report of critical paths

XXXXXXXXXXXXXXXXXXXXXXXXXXXXXXXXXXXXXXXXXXXXXXXXXXXXXXXXXX

+++++++++++++++++++++++++++++++++++++++++++++++++++++++++++++++++++++ 
                    Detailed Report for timing paths 
+++++++++++++++++++++++++++++++++++++++++++++++++++++++++++++++++++++ 

++++ Path 1 ++++++++++++++++++++++++++++++++++++++++++++++++++++++++++ 

Path Begin       : bouncer/debounce_counter/count_208__i20/Q  (SLICE_R22C8C)
Path End         : bouncer/state_FSM_i3/D  (SLICE_R23C8B)
Source Clock     : int_osc (R)
Destination Clock: int_osc (R)
Logic Level      : 2
Delay Ratio      : 40.8% (route), 59.2% (logic)
Clock Skew       : 0.000 ns 
Hold Constraint  : 0.000 ns 
Path Slack       : 1.743 ns  (Passed)


Source Clock Path
Name                                      Cell/Site Name     Delay Name       Incr   Arrival/Required Time  Fanout  
----------------------------------------  -----------------  ---------------  -----  ---------------------  ------  
hf_osc/CLKHF                              HFOSC_HFOSC_R1C32  CLOCK LATENCY    0.000                  0.000  62      
row_synchronizer/int_osc                                     NET DELAY        3.084                  3.084  62      
bouncer/debounce_counter/count_208__i20/CK
                                                             CLOCK PIN        0.000                  3.084  1       


Data Path
Name                                      Cell/Site Name     Delay Name       Incr   Arrival/Required Time  Fanout  
----------------------------------------  -----------------  ---------------  -----  ---------------------  ------  
bouncer/debounce_counter/count_208__i20/CK->bouncer/debounce_counter/count_208__i20/Q
                                          SLICE_R22C8C       CLK_TO_Q0_DELAY  0.779                  3.863  4       
bouncer/debounce_counter/count_num[19]                       NET DELAY        0.712                  4.575  4       
bouncer/i332_4_lut_4_lut/C->bouncer/i332_4_lut_4_lut/Z
                                          SLICE_R23C8B       D1_TO_F1_DELAY   0.252                  4.827  1       
bouncer/n614                                                 NET DELAY        0.000                  4.827  1       
bouncer/state_FSM_i3/D                                       ENDPOINT         0.000                  4.827  1       


Destination Clock Path
Name                                      Cell/Site Name     Delay Name       Incr   Arrival/Required Time  Fanout  
----------------------------------------  -----------------  ---------------  -----  ---------------------  ------  
                                                             CONSTRAINT       0.000                  0.000  1       
hf_osc/CLKHF                              HFOSC_HFOSC_R1C32  CLOCK LATENCY    0.000                  0.000  62      
row_synchronizer/int_osc                                     NET DELAY        3.084                  3.084  62      
bouncer/state_FSM_i3/CK                                      CLOCK PIN        0.000                  3.084  1       
                                                             Uncertainty      0.000                  3.084  
                                                             Hold time        0.000                  3.084  
----------------------------------------  -----------------  ---------------  -----  ---------------------  ------  
Required Time                                                                                       -3.084  
Arrival Time                                                                                         4.827  
----------------------------------------  -----------------  ---------------  -----  ---------------------  ------  
Path Slack  (Passed)                                                                                 1.743  




++++ Path 2 ++++++++++++++++++++++++++++++++++++++++++++++++++++++++++ 

Path Begin       : main_fsm/press_logic/map__i5/Q  (SLICE_R19C7D)
Path End         : main_fsm/press_logic/map__i5/D  (SLICE_R19C7D)
Source Clock     : int_osc (R)
Destination Clock: int_osc (R)
Logic Level      : 2
Delay Ratio      : 40.8% (route), 59.2% (logic)
Clock Skew       : 0.000 ns 
Hold Constraint  : 0.000 ns 
Path Slack       : 1.743 ns  (Passed)


Source Clock Path
Name                                      Cell/Site Name     Delay Name       Incr   Arrival/Required Time  Fanout  
----------------------------------------  -----------------  ---------------  -----  ---------------------  ------  
hf_osc/CLKHF                              HFOSC_HFOSC_R1C32  CLOCK LATENCY    0.000                  0.000  62      
row_synchronizer/int_osc                                     NET DELAY        3.084                  3.084  62      
{main_fsm/press_logic/map__i5/CK   main_fsm/press_logic/map__i4/CK}
                                                             CLOCK PIN        0.000                  3.084  1       


Data Path
Name                                      Cell/Site Name     Delay Name       Incr   Arrival/Required Time  Fanout  
----------------------------------------  -----------------  ---------------  -----  ---------------------  ------  
main_fsm/press_logic/map__i5/CK->main_fsm/press_logic/map__i5/Q
                                          SLICE_R19C7D       CLK_TO_Q0_DELAY  0.779                  3.863  10      
main_fsm/press_logic/map[5]                                  NET DELAY        0.712                  4.575  10      
main_fsm/press_logic/i673_4_lut/B->main_fsm/press_logic/i673_4_lut/Z
                                          SLICE_R19C7D       D0_TO_F0_DELAY   0.252                  4.827  1       
main_fsm/press_logic/n957                                    NET DELAY        0.000                  4.827  1       
main_fsm/press_logic/map__i5/D                               ENDPOINT         0.000                  4.827  1       


Destination Clock Path
Name                                      Cell/Site Name     Delay Name       Incr   Arrival/Required Time  Fanout  
----------------------------------------  -----------------  ---------------  -----  ---------------------  ------  
                                                             CONSTRAINT       0.000                  0.000  1       
hf_osc/CLKHF                              HFOSC_HFOSC_R1C32  CLOCK LATENCY    0.000                  0.000  62      
row_synchronizer/int_osc                                     NET DELAY        3.084                  3.084  62      
{main_fsm/press_logic/map__i5/CK   main_fsm/press_logic/map__i4/CK}
                                                             CLOCK PIN        0.000                  3.084  1       
                                                             Uncertainty      0.000                  3.084  
                                                             Hold time        0.000                  3.084  
----------------------------------------  -----------------  ---------------  -----  ---------------------  ------  
Required Time                                                                                       -3.084  
Arrival Time                                                                                         4.827  
----------------------------------------  -----------------  ---------------  -----  ---------------------  ------  
Path Slack  (Passed)                                                                                 1.743  




++++ Path 3 ++++++++++++++++++++++++++++++++++++++++++++++++++++++++++ 

Path Begin       : main_fsm/press_logic/map__i4/Q  (SLICE_R19C7D)
Path End         : main_fsm/press_logic/map__i4/D  (SLICE_R19C7D)
Source Clock     : int_osc (R)
Destination Clock: int_osc (R)
Logic Level      : 2
Delay Ratio      : 40.8% (route), 59.2% (logic)
Clock Skew       : 0.000 ns 
Hold Constraint  : 0.000 ns 
Path Slack       : 1.743 ns  (Passed)


Source Clock Path
Name                                      Cell/Site Name     Delay Name       Incr   Arrival/Required Time  Fanout  
----------------------------------------  -----------------  ---------------  -----  ---------------------  ------  
hf_osc/CLKHF                              HFOSC_HFOSC_R1C32  CLOCK LATENCY    0.000                  0.000  62      
row_synchronizer/int_osc                                     NET DELAY        3.084                  3.084  62      
{main_fsm/press_logic/map__i5/CK   main_fsm/press_logic/map__i4/CK}
                                                             CLOCK PIN        0.000                  3.084  1       


Data Path
Name                                      Cell/Site Name     Delay Name       Incr   Arrival/Required Time  Fanout  
----------------------------------------  -----------------  ---------------  -----  ---------------------  ------  
main_fsm/press_logic/map__i4/CK->main_fsm/press_logic/map__i4/Q
                                          SLICE_R19C7D       CLK_TO_Q1_DELAY  0.779                  3.863  10      
main_fsm/press_logic/map[4]                                  NET DELAY        0.712                  4.575  10      
main_fsm/press_logic/i675_4_lut/B->main_fsm/press_logic/i675_4_lut/Z
                                          SLICE_R19C7D       D1_TO_F1_DELAY   0.252                  4.827  1       
main_fsm/press_logic/n959                                    NET DELAY        0.000                  4.827  1       
main_fsm/press_logic/map__i4/D                               ENDPOINT         0.000                  4.827  1       


Destination Clock Path
Name                                      Cell/Site Name     Delay Name       Incr   Arrival/Required Time  Fanout  
----------------------------------------  -----------------  ---------------  -----  ---------------------  ------  
                                                             CONSTRAINT       0.000                  0.000  1       
hf_osc/CLKHF                              HFOSC_HFOSC_R1C32  CLOCK LATENCY    0.000                  0.000  62      
row_synchronizer/int_osc                                     NET DELAY        3.084                  3.084  62      
{main_fsm/press_logic/map__i5/CK   main_fsm/press_logic/map__i4/CK}
                                                             CLOCK PIN        0.000                  3.084  1       
                                                             Uncertainty      0.000                  3.084  
                                                             Hold time        0.000                  3.084  
----------------------------------------  -----------------  ---------------  -----  ---------------------  ------  
Required Time                                                                                       -3.084  
Arrival Time                                                                                         4.827  
----------------------------------------  -----------------  ---------------  -----  ---------------------  ------  
Path Slack  (Passed)                                                                                 1.743  




++++ Path 4 ++++++++++++++++++++++++++++++++++++++++++++++++++++++++++ 

Path Begin       : main_fsm/press_logic/map__i13/Q  (SLICE_R21C10A)
Path End         : main_fsm/press_logic/map__i13/D  (SLICE_R21C10A)
Source Clock     : int_osc (R)
Destination Clock: int_osc (R)
Logic Level      : 2
Delay Ratio      : 40.8% (route), 59.2% (logic)
Clock Skew       : 0.000 ns 
Hold Constraint  : 0.000 ns 
Path Slack       : 1.743 ns  (Passed)


Source Clock Path
Name                                      Cell/Site Name     Delay Name       Incr   Arrival/Required Time  Fanout  
----------------------------------------  -----------------  ---------------  -----  ---------------------  ------  
hf_osc/CLKHF                              HFOSC_HFOSC_R1C32  CLOCK LATENCY    0.000                  0.000  62      
row_synchronizer/int_osc                                     NET DELAY        3.084                  3.084  62      
{main_fsm/press_logic/map__i13/CK   main_fsm/press_logic/map__i12/CK}
                                                             CLOCK PIN        0.000                  3.084  1       


Data Path
Name                                      Cell/Site Name     Delay Name       Incr   Arrival/Required Time  Fanout  
----------------------------------------  -----------------  ---------------  -----  ---------------------  ------  
main_fsm/press_logic/map__i13/CK->main_fsm/press_logic/map__i13/Q
                                          SLICE_R21C10A      CLK_TO_Q0_DELAY  0.779                  3.863  9       
main_fsm/press_logic/map[13]                                 NET DELAY        0.712                  4.575  9       
main_fsm/press_logic/i665_4_lut/B->main_fsm/press_logic/i665_4_lut/Z
                                          SLICE_R21C10A      D0_TO_F0_DELAY   0.252                  4.827  1       
main_fsm/press_logic/n949                                    NET DELAY        0.000                  4.827  1       
main_fsm/press_logic/map__i13/D                              ENDPOINT         0.000                  4.827  1       


Destination Clock Path
Name                                      Cell/Site Name     Delay Name       Incr   Arrival/Required Time  Fanout  
----------------------------------------  -----------------  ---------------  -----  ---------------------  ------  
                                                             CONSTRAINT       0.000                  0.000  1       
hf_osc/CLKHF                              HFOSC_HFOSC_R1C32  CLOCK LATENCY    0.000                  0.000  62      
row_synchronizer/int_osc                                     NET DELAY        3.084                  3.084  62      
{main_fsm/press_logic/map__i13/CK   main_fsm/press_logic/map__i12/CK}
                                                             CLOCK PIN        0.000                  3.084  1       
                                                             Uncertainty      0.000                  3.084  
                                                             Hold time        0.000                  3.084  
----------------------------------------  -----------------  ---------------  -----  ---------------------  ------  
Required Time                                                                                       -3.084  
Arrival Time                                                                                         4.827  
----------------------------------------  -----------------  ---------------  -----  ---------------------  ------  
Path Slack  (Passed)                                                                                 1.743  




++++ Path 5 ++++++++++++++++++++++++++++++++++++++++++++++++++++++++++ 

Path Begin       : main_fsm/press_logic/map__i12/Q  (SLICE_R21C10A)
Path End         : main_fsm/press_logic/map__i12/D  (SLICE_R21C10A)
Source Clock     : int_osc (R)
Destination Clock: int_osc (R)
Logic Level      : 2
Delay Ratio      : 40.8% (route), 59.2% (logic)
Clock Skew       : 0.000 ns 
Hold Constraint  : 0.000 ns 
Path Slack       : 1.743 ns  (Passed)


Source Clock Path
Name                                      Cell/Site Name     Delay Name       Incr   Arrival/Required Time  Fanout  
----------------------------------------  -----------------  ---------------  -----  ---------------------  ------  
hf_osc/CLKHF                              HFOSC_HFOSC_R1C32  CLOCK LATENCY    0.000                  0.000  62      
row_synchronizer/int_osc                                     NET DELAY        3.084                  3.084  62      
{main_fsm/press_logic/map__i13/CK   main_fsm/press_logic/map__i12/CK}
                                                             CLOCK PIN        0.000                  3.084  1       


Data Path
Name                                      Cell/Site Name     Delay Name       Incr   Arrival/Required Time  Fanout  
----------------------------------------  -----------------  ---------------  -----  ---------------------  ------  
main_fsm/press_logic/map__i12/CK->main_fsm/press_logic/map__i12/Q
                                          SLICE_R21C10A      CLK_TO_Q1_DELAY  0.779                  3.863  7       
main_fsm/press_logic/map[12]                                 NET DELAY        0.712                  4.575  7       
main_fsm/press_logic/i667_4_lut/B->main_fsm/press_logic/i667_4_lut/Z
                                          SLICE_R21C10A      D1_TO_F1_DELAY   0.252                  4.827  1       
main_fsm/press_logic/n951                                    NET DELAY        0.000                  4.827  1       
main_fsm/press_logic/map__i12/D                              ENDPOINT         0.000                  4.827  1       


Destination Clock Path
Name                                      Cell/Site Name     Delay Name       Incr   Arrival/Required Time  Fanout  
----------------------------------------  -----------------  ---------------  -----  ---------------------  ------  
                                                             CONSTRAINT       0.000                  0.000  1       
hf_osc/CLKHF                              HFOSC_HFOSC_R1C32  CLOCK LATENCY    0.000                  0.000  62      
row_synchronizer/int_osc                                     NET DELAY        3.084                  3.084  62      
{main_fsm/press_logic/map__i13/CK   main_fsm/press_logic/map__i12/CK}
                                                             CLOCK PIN        0.000                  3.084  1       
                                                             Uncertainty      0.000                  3.084  
                                                             Hold time        0.000                  3.084  
----------------------------------------  -----------------  ---------------  -----  ---------------------  ------  
Required Time                                                                                       -3.084  
Arrival Time                                                                                         4.827  
----------------------------------------  -----------------  ---------------  -----  ---------------------  ------  
Path Slack  (Passed)                                                                                 1.743  




++++ Path 6 ++++++++++++++++++++++++++++++++++++++++++++++++++++++++++ 

Path Begin       : main_fsm/press_logic/map__i15/Q  (SLICE_R19C10D)
Path End         : main_fsm/press_logic/map__i15/D  (SLICE_R19C10D)
Source Clock     : int_osc (R)
Destination Clock: int_osc (R)
Logic Level      : 2
Delay Ratio      : 40.8% (route), 59.2% (logic)
Clock Skew       : 0.000 ns 
Hold Constraint  : 0.000 ns 
Path Slack       : 1.743 ns  (Passed)


Source Clock Path
Name                                      Cell/Site Name     Delay Name       Incr   Arrival/Required Time  Fanout  
----------------------------------------  -----------------  ---------------  -----  ---------------------  ------  
hf_osc/CLKHF                              HFOSC_HFOSC_R1C32  CLOCK LATENCY    0.000                  0.000  62      
row_synchronizer/int_osc                                     NET DELAY        3.084                  3.084  62      
{main_fsm/press_logic/map__i15/CK   main_fsm/press_logic/map__i14/CK}
                                                             CLOCK PIN        0.000                  3.084  1       


Data Path
Name                                      Cell/Site Name     Delay Name       Incr   Arrival/Required Time  Fanout  
----------------------------------------  -----------------  ---------------  -----  ---------------------  ------  
main_fsm/press_logic/map__i15/CK->main_fsm/press_logic/map__i15/Q
                                          SLICE_R19C10D      CLK_TO_Q0_DELAY  0.779                  3.863  10      
main_fsm/press_logic/map[15]                                 NET DELAY        0.712                  4.575  10      
main_fsm/press_logic/i661_4_lut/B->main_fsm/press_logic/i661_4_lut/Z
                                          SLICE_R19C10D      D0_TO_F0_DELAY   0.252                  4.827  1       
main_fsm/press_logic/n945                                    NET DELAY        0.000                  4.827  1       
main_fsm/press_logic/map__i15/D                              ENDPOINT         0.000                  4.827  1       


Destination Clock Path
Name                                      Cell/Site Name     Delay Name       Incr   Arrival/Required Time  Fanout  
----------------------------------------  -----------------  ---------------  -----  ---------------------  ------  
                                                             CONSTRAINT       0.000                  0.000  1       
hf_osc/CLKHF                              HFOSC_HFOSC_R1C32  CLOCK LATENCY    0.000                  0.000  62      
row_synchronizer/int_osc                                     NET DELAY        3.084                  3.084  62      
{main_fsm/press_logic/map__i15/CK   main_fsm/press_logic/map__i14/CK}
                                                             CLOCK PIN        0.000                  3.084  1       
                                                             Uncertainty      0.000                  3.084  
                                                             Hold time        0.000                  3.084  
----------------------------------------  -----------------  ---------------  -----  ---------------------  ------  
Required Time                                                                                       -3.084  
Arrival Time                                                                                         4.827  
----------------------------------------  -----------------  ---------------  -----  ---------------------  ------  
Path Slack  (Passed)                                                                                 1.743  




++++ Path 7 ++++++++++++++++++++++++++++++++++++++++++++++++++++++++++ 

Path Begin       : main_fsm/state_FSM_i0/Q  (SLICE_R21C8D)
Path End         : main_fsm/state_FSM_i0/D  (SLICE_R21C8D)
Source Clock     : int_osc (R)
Destination Clock: int_osc (R)
Logic Level      : 2
Delay Ratio      : 40.8% (route), 59.2% (logic)
Clock Skew       : 0.000 ns 
Hold Constraint  : 0.000 ns 
Path Slack       : 1.743 ns  (Passed)


Source Clock Path
Name                                      Cell/Site Name     Delay Name       Incr   Arrival/Required Time  Fanout  
----------------------------------------  -----------------  ---------------  -----  ---------------------  ------  
hf_osc/CLKHF                              HFOSC_HFOSC_R1C32  CLOCK LATENCY    0.000                  0.000  62      
row_synchronizer/int_osc                                     NET DELAY        3.084                  3.084  62      
{main_fsm/state_FSM_i0/CK   main_fsm/state_FSM_i1/CK}
                                                             CLOCK PIN        0.000                  3.084  1       


Data Path
Name                                      Cell/Site Name     Delay Name       Incr   Arrival/Required Time  Fanout  
----------------------------------------  -----------------  ---------------  -----  ---------------------  ------  
main_fsm/state_FSM_i0/CK->main_fsm/state_FSM_i0/Q
                                          SLICE_R21C8D       CLK_TO_Q0_DELAY  0.779                  3.863  2       
main_fsm/state[2]                                            NET DELAY        0.712                  4.575  2       
main_fsm/i336_3_lut/A->main_fsm/i336_3_lut/Z
                                          SLICE_R21C8D       D0_TO_F0_DELAY   0.252                  4.827  1       
main_fsm/n618                                                NET DELAY        0.000                  4.827  1       
main_fsm/state_FSM_i0/D                                      ENDPOINT         0.000                  4.827  1       


Destination Clock Path
Name                                      Cell/Site Name     Delay Name       Incr   Arrival/Required Time  Fanout  
----------------------------------------  -----------------  ---------------  -----  ---------------------  ------  
                                                             CONSTRAINT       0.000                  0.000  1       
hf_osc/CLKHF                              HFOSC_HFOSC_R1C32  CLOCK LATENCY    0.000                  0.000  62      
row_synchronizer/int_osc                                     NET DELAY        3.084                  3.084  62      
{main_fsm/state_FSM_i0/CK   main_fsm/state_FSM_i1/CK}
                                                             CLOCK PIN        0.000                  3.084  1       
                                                             Uncertainty      0.000                  3.084  
                                                             Hold time        0.000                  3.084  
----------------------------------------  -----------------  ---------------  -----  ---------------------  ------  
Required Time                                                                                       -3.084  
Arrival Time                                                                                         4.827  
----------------------------------------  -----------------  ---------------  -----  ---------------------  ------  
Path Slack  (Passed)                                                                                 1.743  




++++ Path 8 ++++++++++++++++++++++++++++++++++++++++++++++++++++++++++ 

Path Begin       : bouncer/state_FSM_i2/Q  (SLICE_R23C8A)
Path End         : bouncer/state_FSM_i2/D  (SLICE_R23C8A)
Source Clock     : int_osc (R)
Destination Clock: int_osc (R)
Logic Level      : 2
Delay Ratio      : 40.8% (route), 59.2% (logic)
Clock Skew       : 0.000 ns 
Hold Constraint  : 0.000 ns 
Path Slack       : 1.743 ns  (Passed)


Source Clock Path
Name                                      Cell/Site Name     Delay Name       Incr   Arrival/Required Time  Fanout  
----------------------------------------  -----------------  ---------------  -----  ---------------------  ------  
hf_osc/CLKHF                              HFOSC_HFOSC_R1C32  CLOCK LATENCY    0.000                  0.000  62      
row_synchronizer/int_osc                                     NET DELAY        3.084                  3.084  62      
{bouncer/state_FSM_i2/CK   bouncer/state_FSM_i1/CK}
                                                             CLOCK PIN        0.000                  3.084  1       


Data Path
Name                                      Cell/Site Name     Delay Name       Incr   Arrival/Required Time  Fanout  
----------------------------------------  -----------------  ---------------  -----  ---------------------  ------  
bouncer/state_FSM_i2/CK->bouncer/state_FSM_i2/Q
                                          SLICE_R23C8A       CLK_TO_Q0_DELAY  0.779                  3.863  3       
bouncer/n84[1]                                               NET DELAY        0.712                  4.575  3       
bouncer/i306_4_lut_4_lut/B->bouncer/i306_4_lut_4_lut/Z
                                          SLICE_R23C8A       D0_TO_F0_DELAY   0.252                  4.827  1       
bouncer/n588                                                 NET DELAY        0.000                  4.827  1       
bouncer/state_FSM_i2/D                                       ENDPOINT         0.000                  4.827  1       


Destination Clock Path
Name                                      Cell/Site Name     Delay Name       Incr   Arrival/Required Time  Fanout  
----------------------------------------  -----------------  ---------------  -----  ---------------------  ------  
                                                             CONSTRAINT       0.000                  0.000  1       
hf_osc/CLKHF                              HFOSC_HFOSC_R1C32  CLOCK LATENCY    0.000                  0.000  62      
row_synchronizer/int_osc                                     NET DELAY        3.084                  3.084  62      
{bouncer/state_FSM_i2/CK   bouncer/state_FSM_i1/CK}
                                                             CLOCK PIN        0.000                  3.084  1       
                                                             Uncertainty      0.000                  3.084  
                                                             Hold time        0.000                  3.084  
----------------------------------------  -----------------  ---------------  -----  ---------------------  ------  
Required Time                                                                                       -3.084  
Arrival Time                                                                                         4.827  
----------------------------------------  -----------------  ---------------  -----  ---------------------  ------  
Path Slack  (Passed)                                                                                 1.743  




++++ Path 9 ++++++++++++++++++++++++++++++++++++++++++++++++++++++++++ 

Path Begin       : bouncer/debounce_counter/count_208__i12/Q  (SLICE_R22C7C)
Path End         : bouncer/debounce_counter/count_208__i12/D  (SLICE_R22C7C)
Source Clock     : int_osc (R)
Destination Clock: int_osc (R)
Logic Level      : 2
Delay Ratio      : 46.1% (route), 53.9% (logic)
Clock Skew       : 0.000 ns 
Hold Constraint  : 0.000 ns 
Path Slack       : 1.913 ns  (Passed)


Source Clock Path
Name                                      Cell/Site Name     Delay Name       Incr   Arrival/Required Time  Fanout  
----------------------------------------  -----------------  ---------------  -----  ---------------------  ------  
hf_osc/CLKHF                              HFOSC_HFOSC_R1C32  CLOCK LATENCY    0.000                  0.000  62      
row_synchronizer/int_osc                                     NET DELAY        3.084                  3.084  62      
{bouncer/debounce_counter/count_208__i12/CK   bouncer/debounce_counter/count_208__i13/CK}
                                                             CLOCK PIN        0.000                  3.084  1       


Data Path
Name                                      Cell/Site Name     Delay Name       Incr   Arrival/Required Time  Fanout  
----------------------------------------  -----------------  ---------------  -----  ---------------------  ------  
bouncer/debounce_counter/count_208__i12/CK->bouncer/debounce_counter/count_208__i12/Q
                                          SLICE_R22C7C       CLK_TO_Q0_DELAY  0.779                  3.863  1       
bouncer/debounce_counter/n9                                  NET DELAY        0.882                  4.745  1       
bouncer/debounce_counter/count_208_add_4_13/C0->bouncer/debounce_counter/count_208_add_4_13/S0
                                          SLICE_R22C7C       C0_TO_F0_DELAY   0.252                  4.997  1       
bouncer/debounce_counter/n85[11]                             NET DELAY        0.000                  4.997  1       
bouncer/debounce_counter/count_208__i12/D
                                                             ENDPOINT         0.000                  4.997  1       


Destination Clock Path
Name                                      Cell/Site Name     Delay Name       Incr   Arrival/Required Time  Fanout  
----------------------------------------  -----------------  ---------------  -----  ---------------------  ------  
                                                             CONSTRAINT       0.000                  0.000  1       
hf_osc/CLKHF                              HFOSC_HFOSC_R1C32  CLOCK LATENCY    0.000                  0.000  62      
row_synchronizer/int_osc                                     NET DELAY        3.084                  3.084  62      
{bouncer/debounce_counter/count_208__i12/CK   bouncer/debounce_counter/count_208__i13/CK}
                                                             CLOCK PIN        0.000                  3.084  1       
                                                             Uncertainty      0.000                  3.084  
                                                             Hold time        0.000                  3.084  
----------------------------------------  -----------------  ---------------  -----  ---------------------  ------  
Required Time                                                                                       -3.084  
Arrival Time                                                                                         4.997  
----------------------------------------  -----------------  ---------------  -----  ---------------------  ------  
Path Slack  (Passed)                                                                                 1.913  




++++ Path 10 ++++++++++++++++++++++++++++++++++++++++++++++++++++++++++ 

Path Begin       : bouncer/debounce_counter/count_208__i13/Q  (SLICE_R22C7C)
Path End         : bouncer/debounce_counter/count_208__i13/D  (SLICE_R22C7C)
Source Clock     : int_osc (R)
Destination Clock: int_osc (R)
Logic Level      : 2
Delay Ratio      : 46.1% (route), 53.9% (logic)
Clock Skew       : 0.000 ns 
Hold Constraint  : 0.000 ns 
Path Slack       : 1.913 ns  (Passed)


Source Clock Path
Name                                      Cell/Site Name     Delay Name       Incr   Arrival/Required Time  Fanout  
----------------------------------------  -----------------  ---------------  -----  ---------------------  ------  
hf_osc/CLKHF                              HFOSC_HFOSC_R1C32  CLOCK LATENCY    0.000                  0.000  62      
row_synchronizer/int_osc                                     NET DELAY        3.084                  3.084  62      
{bouncer/debounce_counter/count_208__i12/CK   bouncer/debounce_counter/count_208__i13/CK}
                                                             CLOCK PIN        0.000                  3.084  1       


Data Path
Name                                      Cell/Site Name     Delay Name       Incr   Arrival/Required Time  Fanout  
----------------------------------------  -----------------  ---------------  -----  ---------------------  ------  
bouncer/debounce_counter/count_208__i13/CK->bouncer/debounce_counter/count_208__i13/Q
                                          SLICE_R22C7C       CLK_TO_Q1_DELAY  0.779                  3.863  1       
bouncer/debounce_counter/n8                                  NET DELAY        0.882                  4.745  1       
bouncer/debounce_counter/count_208_add_4_13/C1->bouncer/debounce_counter/count_208_add_4_13/S1
                                          SLICE_R22C7C       C1_TO_F1_DELAY   0.252                  4.997  1       
bouncer/debounce_counter/n85[12]                             NET DELAY        0.000                  4.997  1       
bouncer/debounce_counter/count_208__i13/D
                                                             ENDPOINT         0.000                  4.997  1       


Destination Clock Path
Name                                      Cell/Site Name     Delay Name       Incr   Arrival/Required Time  Fanout  
----------------------------------------  -----------------  ---------------  -----  ---------------------  ------  
                                                             CONSTRAINT       0.000                  0.000  1       
hf_osc/CLKHF                              HFOSC_HFOSC_R1C32  CLOCK LATENCY    0.000                  0.000  62      
row_synchronizer/int_osc                                     NET DELAY        3.084                  3.084  62      
{bouncer/debounce_counter/count_208__i12/CK   bouncer/debounce_counter/count_208__i13/CK}
                                                             CLOCK PIN        0.000                  3.084  1       
                                                             Uncertainty      0.000                  3.084  
                                                             Hold time        0.000                  3.084  
----------------------------------------  -----------------  ---------------  -----  ---------------------  ------  
Required Time                                                                                       -3.084  
Arrival Time                                                                                         4.997  
----------------------------------------  -----------------  ---------------  -----  ---------------------  ------  
Path Slack  (Passed)                                                                                 1.913  



+++++++++++++++++++++++++++++++++++++++++++++++++++++++++++++++++++++ 
                    End of Detailed Report for timing paths 
+++++++++++++++++++++++++++++++++++++++++++++++++++++++++++++++++++++ 


##########################################################



